StartDate,EndDate,Status,IPAddress,Progress,Duration (in seconds),Finished,RecordedDate,ResponseId,RecipientLastName,RecipientFirstName,RecipientEmail,ExternalReference,LocationLatitude,LocationLongitude,DistributionChannel,UserLanguage,Q2.1_First Click,Q2.1_Last Click,Q2.1_Page Submit,Q2.1_Click Count,Q2.3,Q2.4,Q2.5,Q3.1_First Click,Q3.1_Last Click,Q3.1_Page Submit,Q3.1_Click Count,Q3.3,Q3.4,Q3.5,Q4.1_First Click,Q4.1_Last Click,Q4.1_Page Submit,Q4.1_Click Count,Q4.3,Q4.4,Q4.5,Q5.1,Q5.2,Q5.3,Q5.4,Q48
Start Date,End Date,Response Type,IP Address,Progress,Duration (in seconds),Finished,Recorded Date,Response ID,Recipient Last Name,Recipient First Name,Recipient Email,External Data Reference,Location Latitude,Location Longitude,Distribution Channel,User Language,Timing - First Click,Timing - Last Click,Timing - Page Submit,Timing - Click Count,Please guess the year of this person.,Please guess this person's personality.,Please guess the letter grade of this person.,Timing - First Click,Timing - Last Click,Timing - Page Submit,Timing - Click Count,Please guess the year of this person.,Please guess this person's personality.,Please guess the letter grade of this person.,Timing - First Click,Timing - Last Click,Timing - Page Submit,Timing - Click Count,Please guess the year of this person.,Please guess this person's personality.,Please guess the letter grade of this person.,What is your gender?,What year are your?,What's your personality?,What's your letter grade?,Can you guess the purpose of our experiment? (optional)
"{""ImportId"":""startDate"",""timeZone"":""America/Denver""}","{""ImportId"":""endDate"",""timeZone"":""America/Denver""}","{""ImportId"":""status""}","{""ImportId"":""ipAddress""}","{""ImportId"":""progress""}","{""ImportId"":""duration""}","{""ImportId"":""finished""}","{""ImportId"":""recordedDate"",""timeZone"":""America/Denver""}","{""ImportId"":""_recordId""}","{""ImportId"":""recipientLastName""}","{""ImportId"":""recipientFirstName""}","{""ImportId"":""recipientEmail""}","{""ImportId"":""externalDataReference""}","{""ImportId"":""locationLatitude""}","{""ImportId"":""locationLongitude""}","{""ImportId"":""distributionChannel""}","{""ImportId"":""userLanguage""}","{""ImportId"":""QID11_FIRST_CLICK""}","{""ImportId"":""QID11_LAST_CLICK""}","{""ImportId"":""QID11_PAGE_SUBMIT""}","{""ImportId"":""QID11_CLICK_COUNT""}","{""ImportId"":""QID12""}","{""ImportId"":""QID13""}","{""ImportId"":""QID14""}","{""ImportId"":""QID41_FIRST_CLICK""}","{""ImportId"":""QID41_LAST_CLICK""}","{""ImportId"":""QID41_PAGE_SUBMIT""}","{""ImportId"":""QID41_CLICK_COUNT""}","{""ImportId"":""QID43""}","{""ImportId"":""QID44""}","{""ImportId"":""QID45""}","{""ImportId"":""QID36_FIRST_CLICK""}","{""ImportId"":""QID36_LAST_CLICK""}","{""ImportId"":""QID36_PAGE_SUBMIT""}","{""ImportId"":""QID36_CLICK_COUNT""}","{""ImportId"":""QID38""}","{""ImportId"":""QID39""}","{""ImportId"":""QID40""}","{""ImportId"":""QID46""}","{""ImportId"":""QID33""}","{""ImportId"":""QID34""}","{""ImportId"":""QID35""}","{""ImportId"":""QID48_TEXT""}"
2019-12-05 15:26:46,2019-12-05 15:27:49,IP Address,107.242.117.11,100,62,True,2019-12-05 15:27:49,R_AM562gNL9rF24mt,,,,,37.751007080078125,-97.82199859619140625,anonymous,EN,3.414,32.245,32.892,22,Sophomore,Logical,A-(3.5-3.75),1.444,12.282,13.063,11,Senior,Emotional,B+(3.25-3.5),,,,,,,,Female,Graduates,Emotional,A-(3.5-3.75),
2019-12-05 15:27:24,2019-12-05 15:29:49,IP Address,174.242.73.13,100,145,True,2019-12-05 15:29:50,R_2vjET0usvzZx4Ip,,,,,42.33990478515625,-71.1244964599609375,anonymous,EN,3.006,20.879,22.014,14,Junior,Emotional,B+(3.25-3.5),,,,,,,,3.343,15.466,17.227,9,Senior,Logical,A-(3.5-3.75),Male,Graduates,Logical,A(3.75-4.0),
2019-12-05 15:30:07,2019-12-05 15:30:52,IP Address,155.41.111.5,100,44,True,2019-12-05 15:30:52,R_2RXkdx5IhrwCF87,,,,,42.346405029296875,-71.097503662109375,anonymous,EN,2.943,15.158,15.848,12,Junior,Logical,B(3.0-3.25),1.231,14.032,14.609,15,Senior,Emotional,A-(3.5-3.75),,,,,,,,Female,Graduates,Logical,A-(3.5-3.75),
2019-12-05 15:30:25,2019-12-05 15:31:20,IP Address,155.41.85.142,100,54,True,2019-12-05 15:31:20,R_s5R6ceOT9hpFB3H,,,,,42.346405029296875,-71.097503662109375,anonymous,EN,4.474,25.633,26.047,10,Senior,Logical,B+(3.25-3.5),1.284,11.89,12.206,12,Sophomore,Emotional,B(3.0-3.25),,,,,,,,Male,Graduates,Logical,A-(3.5-3.75),
2019-12-05 15:30:49,2019-12-05 15:31:57,IP Address,107.77.195.36,100,67,True,2019-12-05 15:31:57,R_1o83Hg42xMclHto,,,,,42.4651947021484375,-83.37129974365234375,anonymous,EN,2.465,23.292,25.465,22,Senior,Logical,A-(3.5-3.75),,,,,,,,0.309,19.687,20.651,25,Junior,Logical,A-(3.5-3.75),Female,Graduates,Prefer not to say,A(3.75-4.0),
2019-12-05 15:22:32,2019-12-05 15:33:04,IP Address,107.77.225.73,100,631,True,2019-12-05 15:33:04,R_3Kvzz8a2GBaFzWg,,,,,40.7427978515625,-73.97119903564453125,anonymous,EN,0.746,4.206,5.683,7,Freshman,Logical,B+(3.25-3.5),,,,,,,,1.48,14.03,15.145,13,Sophomore,Emotional,A-(3.5-3.75),Female,Graduates,Emotional,A-(3.5-3.75),
2019-12-05 15:32:29,2019-12-05 15:33:17,IP Address,176.248.38.96,100,47,True,2019-12-05 15:33:17,R_3Jq7X1K960IJZZF,,,,,51.453399658203125,-2.5077056884765625,anonymous,EN,2.797,17.62,18.512,11,Sophomore,Logical,A-(3.5-3.75),2.116,7.935,8.672,9,Junior,Emotional,B-(2.75-3.0),,,,,,,,Male,Senior,Prefer not to say,B(3.0-3.25),
2019-12-05 15:34:45,2019-12-05 15:35:52,IP Address,72.70.60.23,100,66,True,2019-12-05 15:35:52,R_10oe3s8VMtI4LCS,,,,,42.4178009033203125,-71.1134033203125,anonymous,EN,2.319,30.159,31.046,16,Graduates,Emotional,B+(3.25-3.5),,,,,,,,3.606,15.528,16.367,11,Graduates,Logical,A-(3.5-3.75),Female,Senior,Emotional,B+(3.25-3.5),
2019-12-05 15:35:22,2019-12-05 15:36:06,IP Address,99.250.91.234,100,43,True,2019-12-05 15:36:07,R_1l4c6tSgWKUhwiz,,,,,43.44189453125,-80.421600341796875,anonymous,EN,1.06,20.948,21.691,22,Freshman,Logical,A-(3.5-3.75),,,,,,,,0.907,8.528,9.518,13,Freshman,Logical,A(3.75-4.0),Prefer not to say,Other,Prefer not to say,Prefer not to say,
2019-12-05 15:35:27,2019-12-05 15:36:24,IP Address,192.138.214.116,100,56,True,2019-12-05 15:36:24,R_3PFxAbfJJsguh5m,,,,,42.3545074462890625,-71.07039642333984375,anonymous,EN,1.124,30.541,31.655,21,Freshman,Logical,A-(3.5-3.75),,,,,,,,0.892,7.608,8.931,10,PhD,Logical,A-(3.5-3.75),Female,Sophomore,Logical,A-(3.5-3.75),
2019-12-05 15:35:19,2019-12-05 15:36:25,IP Address,155.41.12.145,100,66,True,2019-12-05 15:36:26,R_1hJYF4Vb4w0MARU,,,,,42.346405029296875,-71.097503662109375,anonymous,EN,1.851,27.14,27.879,13,Senior,Emotional,B(3.0-3.25),0.944,19.235,19.938,10,Graduates,Logical,B+(3.25-3.5),,,,,,,,Male,Graduates,Logical,B+(3.25-3.5),
2019-12-05 15:35:37,2019-12-05 15:36:39,IP Address,128.42.1.226,100,62,True,2019-12-05 15:36:39,R_3nAGMItv3NIho5A,,,,,29.7227935791015625,-95.42510223388671875,anonymous,EN,0.879,24.308,24.942,16,Graduates,Emotional,B(3.0-3.25),0.684,18.301,18.953,20,Junior,Emotional,B+(3.25-3.5),,,,,,,,Female,Graduates,Emotional,A-(3.5-3.75),
2019-12-05 15:36:33,2019-12-05 15:37:47,IP Address,73.219.243.149,100,73,True,2019-12-05 15:37:47,R_2EpfANT47MQMQ5E,,,,,42.346405029296875,-71.097503662109375,anonymous,EN,1.544,33.679,34.624,17,Graduates,Logical,A-(3.5-3.75),,,,,,,,1.498,15.361,16.451,9,Graduates,Logical,A(3.75-4.0),Female,Graduates,Emotional,A-(3.5-3.75),
2019-12-05 15:37:09,2019-12-05 15:38:03,IP Address,172.58.220.82,100,54,True,2019-12-05 15:38:04,R_BKUu5cj29njEVSp,,,,,42.37249755859375,-71.181396484375,anonymous,EN,3.044,20.283,20.99,13,Graduates,Emotional,B+(3.25-3.5),,,,,,,,0.806,11.03,11.784,8,Freshman,Logical,B(3.0-3.25),Male,Graduates,Emotional,B+(3.25-3.5),
2019-12-05 15:37:45,2019-12-05 15:38:53,IP Address,73.219.243.149,100,67,True,2019-12-05 15:38:53,R_1i4BZ5BXKiQYrs8,,,,,42.346405029296875,-71.097503662109375,anonymous,EN,0.534,26.871,27.572,12,Sophomore,Logical,A-(3.5-3.75),3.26,9.646,10.325,8,Freshman,Logical,A-(3.5-3.75),,,,,,,,Male,Graduates,Logical,A-(3.5-3.75),
2019-12-05 15:38:27,2019-12-05 15:39:45,IP Address,54.240.196.168,100,77,True,2019-12-05 15:39:45,R_cBDtom6pE9A03Qt,,,,,47.6092071533203125,-122.3314056396484375,anonymous,EN,7.913,22.714,23.709,4,Freshman,Emotional,A-(3.5-3.75),5.189,9.64,13.919,3,Freshman,Emotional,B(3.0-3.25),,,,,,,,Male,Other,Logical,A-(3.5-3.75),
2019-12-05 15:39:29,2019-12-05 15:40:46,IP Address,71.232.28.243,100,77,True,2019-12-05 15:40:46,R_1JWKE6YxwzjpViF,,,,,42.33990478515625,-71.1244964599609375,anonymous,EN,4.499,39.087,40.174,17,Graduates,Logical,B+(3.25-3.5),,,,,,,,3.438,16.27,17.111,12,Senior,Logical,A-(3.5-3.75),Female,Graduates,Logical,Prefer not to say,
2019-12-05 15:40:05,2019-12-05 15:41:10,IP Address,155.41.102.69,100,65,True,2019-12-05 15:41:11,R_szKqmF3uUI9YoAp,,,,,42.346405029296875,-71.097503662109375,anonymous,EN,3.773,29.668,30.604,11,Graduates,Emotional,B+(3.25-3.5),1.006,9.331,10.395,11,Graduates,Emotional,B+(3.25-3.5),,,,,,,,Male,Graduates,Emotional,A-(3.5-3.75),
2019-12-05 15:40:21,2019-12-05 15:41:46,IP Address,206.127.177.97,100,85,True,2019-12-05 15:41:47,R_UcjAVipUCFvjeil,,,,,42.03729248046875,-93.60050201416015625,anonymous,EN,1.378,40.953,41.492,17,Graduates,Logical,A(3.75-4.0),,,,,,,,2.092,19.825,20.534,12,Junior,Logical,A(3.75-4.0),Male,Senior,Prefer not to say,A-(3.5-3.75),
2019-12-05 15:42:08,2019-12-05 15:42:55,IP Address,107.77.195.182,100,46,True,2019-12-05 15:42:55,R_b9JvrbOmXSM4m0F,,,,,39.9586944580078125,-82.9987030029296875,anonymous,EN,1.272,16.767,17.179,13,Graduates,Emotional,A(3.75-4.0),0.864,9.752,10.157,11,Graduates,Logical,A(3.75-4.0),,,,,,,,Male,Graduates,Prefer not to say,B(3.0-3.25),
2019-12-05 15:43:10,2019-12-05 15:44:32,IP Address,93.23.17.46,100,82,True,2019-12-05 15:44:33,R_2s74HUtR70u95xf,,,,,48.8582000732421875,2.3386993408203125,anonymous,EN,3.479,39.561,41.268,15,Senior,Emotional,B+(3.25-3.5),,,,,,,,4.404,17.218,17.818,9,Senior,Logical,A-(3.5-3.75),Female,Graduates,Prefer not to say,B(3.0-3.25),
2019-12-05 15:43:55,2019-12-05 15:44:46,IP Address,66.24.194.175,100,51,True,2019-12-05 15:44:46,R_11ZPF78FFF22sXI,,,,,43.18060302734375,-77.5948028564453125,anonymous,EN,3.682,17.295,17.982,12,Junior,Logical,A-(3.5-3.75),0.619,12.837,13.859,10,Senior,Emotional,B+(3.25-3.5),,,,,,,,Female,Senior,Logical,A-(3.5-3.75),
2019-12-05 15:44:16,2019-12-05 15:45:17,IP Address,129.236.134.146,100,60,True,2019-12-05 15:45:17,R_3kLHG8IkK1boUnT,,,,,41.0102996826171875,-73.9250030517578125,anonymous,EN,2.118,25.562,26.764,20,Junior,Emotional,B+(3.25-3.5),,,,,,,,1.066,11.574,12.584,17,Graduates,Logical,A-(3.5-3.75),Female,Graduates,Prefer not to say,A(3.75-4.0),
2019-12-05 15:44:26,2019-12-05 15:45:40,IP Address,64.187.253.163,100,73,True,2019-12-05 15:45:40,R_20Vy3ea1kwxOx9u,,,,,40.789398193359375,-73.58550262451171875,anonymous,EN,4.721,30.529,31.524,17,Graduates,Emotional,B+(3.25-3.5),4.832,13.578,14.669,9,Graduates,Emotional,B+(3.25-3.5),,,,,,,,Male,Graduates,Logical,A-(3.5-3.75),
2019-12-05 15:45:01,2019-12-05 15:45:42,IP Address,69.5.144.65,100,41,True,2019-12-05 15:45:43,R_2qq2vrz6BENTkqw,,,,,42.0514068603515625,-93.69080352783203125,anonymous,EN,2.13,14.894,16.099,10,Senior,Logical,A-(3.5-3.75),,,,,,,,0.795,9.238,10.087,12,Sophomore,Logical,A(3.75-4.0),Female,Senior,Emotional,A-(3.5-3.75),
2019-12-05 15:45:38,2019-12-05 15:46:44,IP Address,71.105.230.230,100,65,True,2019-12-05 15:46:44,R_2Y3A5cHM0TB5InJ,,,,,40.6739959716796875,-73.97010040283203125,anonymous,EN,12.399,28.702,29.241,4,Senior,Emotional,A-(3.5-3.75),8.458,13.465,15.177,3,Freshman,Emotional,B(3.0-3.25),,,,,,,,Female,Senior,Logical,A-(3.5-3.75),
2019-12-05 15:45:48,2019-12-05 15:47:15,IP Address,107.77.206.82,100,87,True,2019-12-05 15:47:16,R_BPRB9H8jDGZFlPH,,,,,38.714202880859375,-90.27590179443359375,anonymous,EN,2,37.218,38.497,22,Graduates,Logical,A(3.75-4.0),,,,,,,,1.155,13.699,14.503,15,Junior,Logical,A-(3.5-3.75),Male,Graduates,Logical,A-(3.5-3.75),
2019-12-05 15:45:21,2019-12-05 15:47:22,IP Address,172.58.219.138,100,121,True,2019-12-05 15:47:22,R_30vmoRDz4zAShhV,,,,,42.3634033203125,-71.07129669189453125,anonymous,EN,0.69,31.719,32.404,13,Senior,Logical,A-(3.5-3.75),0.618,49.936,50.677,20,Sophomore,Emotional,B+(3.25-3.5),,,,,,,,Female,Graduates,Logical,B(3.0-3.25),
2019-12-05 15:47:07,2019-12-05 15:48:27,IP Address,73.142.126.23,100,79,True,2019-12-05 15:48:27,R_1LvepNzJSvwUGcW,,,,,42.3639984130859375,-71.02649688720703125,anonymous,EN,1.676,27.026,27.832,15,Sophomore,Emotional,B+(3.25-3.5),,,,,,,,1.685,15.686,16.458,9,Sophomore,Logical,A-(3.5-3.75),Female,Graduates,Logical,A(3.75-4.0),
2019-12-05 15:48:32,2019-12-05 15:49:24,IP Address,205.201.22.157,100,51,True,2019-12-05 15:49:24,R_0v2ZEfoD6qPIEdb,,,,,42.34979248046875,-71.07649993896484375,anonymous,EN,2.665,22.201,22.987,15,Graduates,Emotional,B+(3.25-3.5),1.412,12.493,13.237,13,Sophomore,Emotional,A-(3.5-3.75),,,,,,,,Female,Graduates,Prefer not to say,A-(3.5-3.75),
2019-12-05 15:33:33,2019-12-05 15:49:59,IP Address,155.41.2.21,100,986,True,2019-12-05 15:49:59,R_1GE3zTGhsuuH5ET,,,,,42.346405029296875,-71.097503662109375,anonymous,EN,0.791,12.173,12.994,10,,,,0.623,3.74,5.686,5,,,,,,,,,,,,,,,
2019-12-05 15:50:12,2019-12-05 15:50:35,IP Address,155.41.84.107,100,22,True,2019-12-05 15:50:35,R_e3F2Lsvvw4MDohr,,,,,42.346405029296875,-71.097503662109375,anonymous,EN,0.409,5.267,6.534,6,,,,,,,,,,,0.39,4.593,5.94,6,,,,,,,,
2019-12-05 15:51:32,2019-12-05 15:52:52,IP Address,107.77.194.225,100,79,True,2019-12-05 15:52:53,R_2zuOcBUmWFDpljI,,,,,37.751007080078125,-97.82199859619140625,anonymous,EN,3.094,29.409,30.34,16,Junior,Logical,A-(3.5-3.75),1.875,19.988,22.339,13,Freshman,Emotional,B+(3.25-3.5),,,,,,,,Male,Graduates,Logical,A-(3.5-3.75),
2019-12-05 15:52:17,2019-12-05 15:53:13,IP Address,66.30.209.116,100,56,True,2019-12-05 15:53:14,R_3hxTruLjcm2W9GS,,,,,42.37249755859375,-71.181396484375,anonymous,EN,3.721,26.171,27.778,14,Graduates,Emotional,B+(3.25-3.5),,,,,,,,0.726,11.447,12.772,11,Graduates,Logical,A(3.75-4.0),Male,Graduates,Emotional,A-(3.5-3.75),
2019-12-05 15:51:34,2019-12-05 15:53:21,IP Address,172.58.221.220,100,107,True,2019-12-05 15:53:21,R_1hXzzyUgmodp7Og,,,,,41.873992919921875,-71.3843994140625,anonymous,EN,2.283,21.209,22.852,9,Junior,Emotional,A(3.75-4.0),,,,,,,,1.977,9.329,10.289,10,Junior,Logical,A(3.75-4.0),Female,Sophomore,Prefer not to say,A-(3.5-3.75),Judgement based on appearance
2019-12-05 15:53:04,2019-12-05 15:54:31,IP Address,77.136.42.34,100,87,True,2019-12-05 15:54:32,R_vYmJqXTcxVt1yc9,,,,,48.8542938232421875,2.3527069091796875,anonymous,EN,2.703,33.109,33.824,10,Graduates,Logical,B+(3.25-3.5),2.262,12.631,13.683,9,Junior,Emotional,B+(3.25-3.5),,,,,,,,Female,Graduates,Logical,B+(3.25-3.5),
2019-12-05 15:34:30,2019-12-05 15:56:15,IP Address,150.108.242.149,100,1305,True,2019-12-05 15:56:16,R_9LcUbHQrQDLcO1H,,,,,40.8621978759765625,-73.89019775390625,anonymous,EN,2.275,56.373,59.19,17,Graduates,Emotional,B(3.0-3.25),0.787,117.115,118.243,13,Senior,Logical,A-(3.5-3.75),,,,,,,,Female,Graduates,Emotional,A-(3.5-3.75),
2019-12-05 15:55:18,2019-12-05 15:56:32,IP Address,73.219.2.29,100,73,True,2019-12-05 15:56:32,R_3LhGGfWHfaoNC4L,,,,,42.246307373046875,-70.99720001220703125,anonymous,EN,4.557,27.105,27.868,9,Graduates,Logical,A-(3.5-3.75),,,,,,,,5.164,11.616,12.502,7,Graduates,Logical,A(3.75-4.0),Female,Graduates,Emotional,B+(3.25-3.5),
2019-12-05 15:56:59,2019-12-05 15:58:26,IP Address,155.41.23.82,100,86,True,2019-12-05 15:58:26,R_1OuFXngoWOXvOJO,,,,,42.346405029296875,-71.097503662109375,anonymous,EN,4.286,25.801,26.879,13,Sophomore,Emotional,B+(3.25-3.5),0.837,22.104,22.907,11,Senior,Logical,A-(3.5-3.75),,,,,,,,Female,Graduates,Logical,A-(3.5-3.75),
2019-12-05 15:57:18,2019-12-05 15:58:29,IP Address,107.77.192.51,100,70,True,2019-12-05 15:58:29,R_3CWnG3J3zXrS4Me,,,,,42.356201171875,-71.06310272216796875,anonymous,EN,1.647,33.015,33.895,17,Junior,Emotional,A-(3.5-3.75),,,,,,,,0.718,16.976,17.782,13,Sophomore,Logical,A(3.75-4.0),Female,Graduates,Emotional,A(3.75-4.0),
2019-12-05 15:57:53,2019-12-05 15:58:52,IP Address,107.77.192.160,100,59,True,2019-12-05 15:58:53,R_2WBjaGq915e0Tq2,,,,,42.4651947021484375,-83.37129974365234375,anonymous,EN,2.153,29.077,29.976,17,Freshman,Emotional,C+(2.5-2.75),0.678,9.249,9.985,11,Senior,Emotional,B-(2.75-3.0),,,,,,,,Female,Graduates,Logical,A-(3.5-3.75),
2019-12-05 15:57:22,2019-12-05 15:58:55,IP Address,73.61.10.99,100,93,True,2019-12-05 15:58:56,R_3oyAhcSGF8OiubE,,,,,42.297393798828125,-71.07219696044921875,anonymous,EN,4.348,33.335,34.092,19,Sophomore,Emotional,B+(3.25-3.5),0.83,14.835,15.501,11,Junior,Logical,A-(3.5-3.75),,,,,,,,Female,Graduates,Prefer not to say,B+(3.25-3.5),
2019-12-05 15:57:22,2019-12-05 16:00:10,IP Address,75.69.144.180,100,167,True,2019-12-05 16:00:10,R_2ZCTcjdpthJfEDo,,,,,42.33880615234375,-71.072601318359375,anonymous,EN,1.407,51.645,52.653,19,Freshman,Emotional,A-(3.5-3.75),,,,,,,,1.006,16.285,17.097,15,Sophomore,Logical,A-(3.5-3.75),Female,Graduates,Emotional,B(3.0-3.25),
2019-12-05 16:01:30,2019-12-05 16:02:30,IP Address,71.232.29.97,100,60,True,2019-12-05 16:02:30,R_2DUCul3uWD7qmdi,,,,,42.33990478515625,-71.1244964599609375,anonymous,EN,3.504,21.325,25.716,10,Graduates,Emotional,A(3.75-4.0),,,,,,,,1.676,8.759,9.879,10,Graduates,Logical,A(3.75-4.0),Male,Graduates,Emotional,A-(3.5-3.75),
2019-12-05 16:04:30,2019-12-05 16:05:45,IP Address,93.23.105.107,100,74,True,2019-12-05 16:05:45,R_3D7M3MTxGwfGxBp,,,,,48.8582000732421875,2.3386993408203125,anonymous,EN,3.127,23.607,24.507,15,Freshman,Emotional,A-(3.5-3.75),1.027,20.526,21.597,10,Senior,Logical,A(3.75-4.0),,,,,,,,Female,Graduates,Logical,A-(3.5-3.75),
2019-12-05 16:06:23,2019-12-05 16:07:38,IP Address,172.58.227.7,100,75,True,2019-12-05 16:07:39,R_4Z2sAD6qwY6Xe4F,,,,,40.671295166015625,-73.8943023681640625,anonymous,EN,4.551,28.239,28.565,17,Graduates,Emotional,B(3.0-3.25),,,,,,,,1.182,12.553,12.851,10,Graduates,Logical,A(3.75-4.0),Female,Graduates,Emotional,A(3.75-4.0),
2019-12-05 16:06:21,2019-12-05 16:08:11,IP Address,167.98.167.172,100,110,True,2019-12-05 16:08:11,R_3fTzeus0SdcXH7d,,,,,53.3831024169921875,-1.4600982666015625,anonymous,EN,1.785,52.072,52.694,13,Graduates,Logical,A-(3.5-3.75),16.925,34.081,34.742,13,Junior,Emotional,B-(2.75-3.0),,,,,,,,Male,Graduates,Logical,B(3.0-3.25),
2019-12-05 16:09:29,2019-12-05 16:10:56,IP Address,128.151.150.18,100,86,True,2019-12-05 16:10:56,R_xbX4kQBpaP4mGTT,,,,,43.12750244140625,-77.6277008056640625,anonymous,EN,4.163,25.273,26.082,13,Graduates,Logical,A(3.75-4.0),,,,,,,,1.248,19.22,19.719,18,Sophomore,Emotional,B+(3.25-3.5),Female,Graduates,Emotional,A-(3.5-3.75),glasses
2019-12-05 16:14:54,2019-12-05 16:16:11,IP Address,73.16.71.232,100,77,True,2019-12-05 16:16:11,R_1g1KPE84Ytv8anD,,,,,42.27960205078125,-71.12819671630859375,anonymous,EN,2.64,19.91,20.857,17,Graduates,Logical,A-(3.5-3.75),,,,,,,,0.619,11.438,12.309,11,Senior,Logical,A(3.75-4.0),Female,Graduates,Emotional,A(3.75-4.0),Appearance affect our judgement or not
2019-12-05 16:17:35,2019-12-05 16:18:50,IP Address,123.211.73.92,100,74,True,2019-12-05 16:18:51,R_1Ngka62BU18eBXT,,,,,-27.47320556640625,153.021514892578125,anonymous,EN,5.248,32.155,32.795,12,Graduates,Logical,B+(3.25-3.5),3.083,11.723,12.789,9,Graduates,Logical,B+(3.25-3.5),,,,,,,,Female,Other,Prefer not to say,B-(2.75-3.0),
2019-12-05 16:19:13,2019-12-05 16:20:08,IP Address,172.58.223.121,100,54,True,2019-12-05 16:20:08,R_3QVS1g55a0jZcZd,,,,,42.3639984130859375,-71.02649688720703125,anonymous,EN,5.627,19.015,19.895,10,Graduates,Logical,A-(3.5-3.75),1.021,8.761,10.474,8,Junior,Emotional,B(3.0-3.25),,,,,,,,Female,Graduates,Emotional,A(3.75-4.0),
2019-12-05 16:21:46,2019-12-05 16:25:10,IP Address,182.239.122.107,100,204,True,2019-12-05 16:25:11,R_2Qh6kYeGJeOiqf8,,,,,22.2908935546875,114.149993896484375,anonymous,EN,1.583,27.655,28.546,18,Graduates,Logical,A-(3.5-3.75),,,,,,,,1.111,19.76,20.581,19,Graduates,Logical,A-(3.5-3.75),Female,Senior,Prefer not to say,A-(3.5-3.75),first appearance
2019-12-05 16:28:08,2019-12-05 16:29:30,IP Address,71.232.53.188,100,82,True,2019-12-05 16:29:30,R_2aY0s3pYGGo11ON,,,,,42.3639984130859375,-71.02649688720703125,anonymous,EN,4.22,33.676,34.517,12,Graduates,Emotional,B(3.0-3.25),,,,,,,,2.51,15.298,16.117,11,Senior,Logical,B+(3.25-3.5),Female,Graduates,Logical,A-(3.5-3.75),
2019-12-05 16:29:59,2019-12-05 16:31:05,IP Address,216.15.122.39,100,65,True,2019-12-05 16:31:05,R_aeKnBlnWWBS6tMZ,,,,,42.33990478515625,-71.1244964599609375,anonymous,EN,2.092,22.043,22.675,11,Graduates,Logical,A-(3.5-3.75),3.843,18.048,18.547,11,Graduates,Logical,A-(3.5-3.75),,,,,,,,Female,Graduates,Logical,Prefer not to say,
2019-12-05 16:35:26,2019-12-05 16:36:19,IP Address,155.33.133.56,100,52,True,2019-12-05 16:36:19,R_1GWAwozJi5e0P6u,,,,,42.3426971435546875,-71.09220123291015625,anonymous,EN,1.709,16.709,17.648,23,Sophomore,Emotional,A-(3.5-3.75),,,,,,,,1.543,13.414,14.402,19,Sophomore,Logical,A-(3.5-3.75),Female,Freshman,Prefer not to say,A-(3.5-3.75),
2019-12-05 16:35:44,2019-12-05 16:36:54,IP Address,107.77.193.67,100,70,True,2019-12-05 16:36:55,R_Xw6SeBcJG853qEh,,,,,39.9586944580078125,-82.9987030029296875,anonymous,EN,3.591,25.566,26.183,15,Graduates,Emotional,B(3.0-3.25),1.605,11.565,11.873,15,Freshman,Logical,B+(3.25-3.5),,,,,,,,Male,Junior,Emotional,B(3.0-3.25),"for fun "
2019-12-05 16:40:02,2019-12-05 16:40:59,IP Address,71.232.31.145,100,56,True,2019-12-05 16:40:59,R_2xY30aaLJiFPcBg,,,,,42.3473968505859375,-71.158203125,anonymous,EN,4.085,29.675,30.739,16,Junior,Logical,A-(3.5-3.75),,,,,,,,0.859,9.589,10.343,13,Sophomore,Logical,A(3.75-4.0),Male,Graduates,Logical,A(3.75-4.0),
2019-12-05 16:38:01,2019-12-05 16:41:23,IP Address,73.238.157.104,100,202,True,2019-12-05 16:41:24,R_RWX75AdkprqitVL,,,,,42.3634033203125,-71.07129669189453125,anonymous,EN,2.84,50.803,51.581,15,Junior,Logical,B+(3.25-3.5),0.721,33.399,34.043,8,Graduates,Logical,A-(3.5-3.75),,,,,,,,Female,Junior,Emotional,B+(3.25-3.5),
2019-12-05 16:40:52,2019-12-05 16:41:43,IP Address,205.201.21.238,100,50,True,2019-12-05 16:41:43,R_3Jrg336sElJ2RUi,,,,,42.3426971435546875,-71.09220123291015625,anonymous,EN,0.969,17.932,18.797,16,Graduates,Logical,A(3.75-4.0),1.381,14.565,15.349,18,Senior,Logical,A(3.75-4.0),,,,,,,,Female,Graduates,Prefer not to say,A(3.75-4.0),
2019-12-05 16:49:50,2019-12-05 16:50:53,IP Address,171.116.42.44,100,63,True,2019-12-05 16:50:53,R_31L85Gu87IWnakr,,,,,36.8451995849609375,111.781707763671875,anonymous,EN,1.757,22.641,23.716,14,Junior,Logical,A(3.75-4.0),,,,,,,,1.109,11.037,12.229,11,Senior,Logical,A(3.75-4.0),Female,Sophomore,Prefer not to say,A(3.75-4.0),
2019-12-05 16:53:27,2019-12-05 16:54:54,IP Address,129.72.89.242,100,86,True,2019-12-05 16:54:54,R_1jJ2CfFovxIoDSB,,,,,41.3054046630859375,-105.590301513671875,anonymous,EN,0.725,19.351,20.175,15,PhD,Logical,A(3.75-4.0),0.524,10.055,10.781,14,PhD,Logical,A(3.75-4.0),,,,,,,,Male,Sophomore,Logical,A(3.75-4.0),
2019-12-05 16:55:02,2019-12-05 16:56:05,IP Address,129.72.89.242,100,63,True,2019-12-05 16:56:06,R_pAbXVfNgeumhtyp,,,,,41.3054046630859375,-105.590301513671875,anonymous,EN,0.209,7.288,8.025,8,PhD,Logical,A(3.75-4.0),,,,,,,,0.134,5.153,5.61,9,PhD,Logical,A(3.75-4.0),Male,Sophomore,Logical,A(3.75-4.0),whether Asians are  the smartest group of people in the world?
2019-12-05 16:58:11,2019-12-05 17:00:02,IP Address,69.5.133.161,100,111,True,2019-12-05 17:00:03,R_3373StoZIfmcyRA,,,,,42.0514068603515625,-93.69080352783203125,anonymous,EN,9.555,36.058,37.334,14,Freshman,Logical,A-(3.5-3.75),3.261,20.229,21.006,14,Freshman,Logical,A-(3.5-3.75),,,,,,,,Female,Graduates,Logical,A(3.75-4.0),
2019-12-05 17:00:06,2019-12-05 17:01:02,IP Address,96.70.241.65,100,55,True,2019-12-05 17:01:02,R_rjW1WOve4GjwMUx,,,,,42.3473968505859375,-71.158203125,anonymous,EN,2.902,21.635,22.337,13,Junior,Logical,A-(3.5-3.75),1.173,11.006,12.324,11,Junior,Emotional,A-(3.5-3.75),,,,,,,,Female,Graduates,Emotional,B+(3.25-3.5),
2019-12-05 17:01:00,2019-12-05 17:01:56,IP Address,168.122.202.128,100,56,True,2019-12-05 17:01:57,R_2CxDvTLPX8yJZLL,,,,,42.346405029296875,-71.097503662109375,anonymous,EN,3.148,19.558,20.299,16,Graduates,Logical,A-(3.5-3.75),,,,,,,,1.859,9.629,10.344,12,Senior,Logical,A-(3.5-3.75),Female,Graduates,Emotional,A-(3.5-3.75),
2019-12-05 17:01:28,2019-12-05 17:03:00,IP Address,96.70.241.65,100,91,True,2019-12-05 17:03:00,R_9mDzWDfCmyg1nEt,,,,,42.3473968505859375,-71.158203125,anonymous,EN,4.039,21.108,21.124,11,Junior,Emotional,B(3.0-3.25),1.769,16.9,18.036,11,Junior,Logical,B(3.0-3.25),,,,,,,,Female,Graduates,Emotional,A-(3.5-3.75),
2019-12-05 17:04:46,2019-12-05 17:05:47,IP Address,209.6.65.108,100,61,True,2019-12-05 17:05:47,R_12xVekwQk429vY8,,,,,42.3473968505859375,-71.158203125,anonymous,EN,2.732,24.596,25.491,13,Graduates,Emotional,B+(3.25-3.5),,,,,,,,3.041,14.533,15.935,8,Junior,Logical,A-(3.5-3.75),Female,Graduates,Emotional,A-(3.5-3.75),
2019-12-05 17:12:43,2019-12-05 17:14:55,IP Address,158.143.226.95,100,131,True,2019-12-05 17:14:55,R_3fdgqbNCRoj8cEP,,,,,51.5005035400390625,-0.08349609375,anonymous,EN,2.586,32.483,33.176,13,Junior,Emotional,A-(3.5-3.75),,,,,,,,1.193,15.15,15.934,11,Sophomore,Logical,A-(3.5-3.75),Female,Graduates,Prefer not to say,A-(3.5-3.75),"Test the stereotype "
2019-12-05 17:16:18,2019-12-05 17:18:56,IP Address,160.39.147.80,100,157,True,2019-12-05 17:18:56,R_31LW8d5PdnPQSNB,,,,,40.8000030517578125,-73.9763031005859375,anonymous,EN,1.389,37.456,38.857,27,Junior,Logical,A-(3.5-3.75),1.29,46.225,47.391,27,Sophomore,Logical,A-(3.5-3.75),,,,,,,,Female,Other,Logical,A(3.75-4.0),Bias with profile photo reading
2019-12-05 17:25:00,2019-12-05 17:26:58,IP Address,223.104.212.182,100,118,True,2019-12-05 17:27:00,R_zfeEJCLFkTtLncB,,,,,31.0449066162109375,121.401214599609375,anonymous,EN,4.591,53.112,53.938,21,Sophomore,Emotional,B+(3.25-3.5),,,,,,,,3.731,15.775,16.324,10,Freshman,Emotional,B(3.0-3.25),Female,Other,Prefer not to say,C+(2.5-2.75),
2019-12-05 17:42:10,2019-12-05 17:43:17,IP Address,72.79.65.193,100,66,True,2019-12-05 17:43:17,R_0U6ymYY1FbPIN1L,,,,,40.746307373046875,-74.15529632568359375,anonymous,EN,1.84,24.467,25.144,14,Junior,Emotional,B(3.0-3.25),2.996,13.239,13.922,11,Sophomore,Logical,A(3.75-4.0),,,,,,,,Female,Graduates,Prefer not to say,B(3.0-3.25),
2019-12-05 17:43:30,2019-12-05 17:44:54,IP Address,209.6.133.190,100,84,True,2019-12-05 17:44:54,R_2c5HlsmC3EaTlL6,,,,,42.3267974853515625,-71.13410186767578125,anonymous,EN,3.066,26.029,27.238,12,Junior,Logical,B+(3.25-3.5),,,,,,,,3.71,22.951,24.145,18,Sophomore,Logical,A-(3.5-3.75),Female,Graduates,Emotional,B+(3.25-3.5),Glasses?
2019-12-05 17:43:33,2019-12-05 17:46:20,IP Address,72.79.65.193,100,167,True,2019-12-05 17:46:20,R_2EorbN7h6ToFkv0,,,,,40.746307373046875,-74.15529632568359375,anonymous,EN,4.734,56.589,62.106,18,Junior,Logical,B+(3.25-3.5),4.801,27.017,27.998,9,Freshman,Logical,A-(3.5-3.75),,,,,,,,Male,Other,Emotional,A-(3.5-3.75),relationship between emotional and logical
2019-12-05 17:51:23,2019-12-05 17:53:31,IP Address,96.230.117.252,100,128,True,2019-12-05 17:53:31,R_vjndnslfbDmWpoZ,,,,,42.297393798828125,-71.07219696044921875,anonymous,EN,1.246,31.996,32.849,13,Graduates,Logical,B+(3.25-3.5),,,,,,,,3.123,24.021,24.06,15,Junior,Logical,A-(3.5-3.75),Male,Graduates,Logical,B(3.0-3.25),
2019-12-05 18:01:31,2019-12-05 18:02:28,IP Address,96.70.241.65,100,56,True,2019-12-05 18:02:28,R_3r24k13tAriby9g,,,,,42.3473968505859375,-71.158203125,anonymous,EN,6.353,21.742,23.126,12,Graduates,Logical,A-(3.5-3.75),3.64,14.377,15.093,10,Graduates,Logical,A-(3.5-3.75),,,,,,,,Female,Graduates,Prefer not to say,A-(3.5-3.75),
2019-12-05 18:05:50,2019-12-05 18:07:05,IP Address,71.232.53.188,100,74,True,2019-12-05 18:07:06,R_8Imv5gUa7nfX69z,,,,,42.3639984130859375,-71.02649688720703125,anonymous,EN,0.914,22.99,24.323,11,Junior,Logical,A-(3.5-3.75),,,,,,,,0.551,12.907,14.235,7,Senior,Logical,A-(3.5-3.75),Female,Graduates,Logical,A-(3.5-3.75),
2019-12-05 18:26:12,2019-12-05 18:27:06,IP Address,98.109.145.96,100,54,True,2019-12-05 18:27:07,R_8qbe2kbBx5QgPE5,,,,,40.7467041015625,-74.057403564453125,anonymous,EN,5.928,26.201,26.8,8,Freshman,Emotional,B(3.0-3.25),,,,,,,,2.22,8.87,9.61,9,Freshman,Logical,B+(3.25-3.5),Male,PhD,Logical,B+(3.25-3.5),
2019-12-05 18:30:25,2019-12-05 18:34:02,IP Address,124.166.164.12,100,216,True,2019-12-05 18:34:02,R_2rOT9W7pHzzONOl,,,,,35.5928955078125,112.2493896484375,anonymous,EN,1.651,30.914,31.463,18,Graduates,Logical,A-(3.5-3.75),2.97,17.716,18.142,16,Sophomore,Logical,B+(3.25-3.5),,,,,,,,Female,Graduates,Logical,A-(3.5-3.75),"First impression in interviews maybe. "
2019-12-05 18:39:09,2019-12-05 18:40:51,IP Address,117.89.13.99,100,102,True,2019-12-05 18:40:51,R_6YwUzYg2RR8kff3,,,,,32.06170654296875,118.777801513671875,anonymous,EN,22.498,49.263,50.156,6,Junior,Emotional,B+(3.25-3.5),,,,,,,,15.101,20.737,21.605,4,Sophomore,Emotional,A-(3.5-3.75),Male,Other,Prefer not to say,B+(3.25-3.5),
2019-12-05 18:52:36,2019-12-05 18:54:35,IP Address,123.147.250.186,100,118,True,2019-12-05 18:54:35,R_doRmePD7Xl1ScOl,,,,,29.5569000244140625,106.5531005859375,anonymous,EN,2.07,29.718,30.801,15,Graduates,Emotional,B-(2.75-3.0),2.393,26.161,27.08,15,Freshman,Logical,B+(3.25-3.5),,,,,,,,Male,Graduates,Logical,A-(3.5-3.75),
2019-12-05 18:59:14,2019-12-05 19:01:26,IP Address,8.9.85.222,100,132,True,2019-12-05 19:01:27,R_3R8XRR55WKLfMQX,,,,,43.11279296875,-77.4906005859375,anonymous,EN,2.64,37.458,37.953,16,Senior,Emotional,B+(3.25-3.5),,,,,,,,4.576,15.548,15.898,15,Junior,Logical,A-(3.5-3.75),Male,Other,Logical,B-(2.75-3.0),stereotyped image
2019-12-05 19:01:52,2019-12-05 19:03:15,IP Address,97.87.187.30,100,83,True,2019-12-05 19:03:16,R_3036GyD3MhoEZXH,,,,,38.643798828125,-90.53009796142578125,anonymous,EN,4.496,26.883,27.509,8,Graduates,Logical,A-(3.5-3.75),7.026,22.244,23.173,11,Senior,Emotional,B-(2.75-3.0),,,,,,,,Male,Graduates,Logical,B(3.0-3.25),？？？
2019-12-05 19:06:56,2019-12-05 19:08:22,IP Address,170.140.104.13,100,85,True,2019-12-05 19:08:22,R_3Pw4sBfFJzxtQ97,,,,,33.794097900390625,-84.3249969482421875,anonymous,EN,3.152,31.785,33.199,19,Junior,Logical,A-(3.5-3.75),0.829,10.945,12.115,13,Freshman,Emotional,B+(3.25-3.5),,,,,,,,Female,Graduates,Emotional,B+(3.25-3.5),no
2019-12-05 19:07:29,2019-12-05 19:08:29,IP Address,107.77.206.139,100,60,True,2019-12-05 19:08:29,R_27Kn6Uo3zPugjlt,,,,,41.848297119140625,-87.651702880859375,anonymous,EN,2.238,29.193,29.701,24,Senior,Emotional,A-(3.5-3.75),,,,,,,,0.703,7.136,7.7,8,Sophomore,Logical,A-(3.5-3.75),Female,Graduates,Prefer not to say,A(3.75-4.0),
2019-12-05 19:07:35,2019-12-05 19:09:09,IP Address,170.140.104.13,100,93,True,2019-12-05 19:09:09,R_3rSMQdmF9xvXUdP,,,,,33.794097900390625,-84.3249969482421875,anonymous,EN,3.322,39.551,39.599,17,Graduates,Emotional,A(3.75-4.0),2.765,12.223,13.153,9,Graduates,Logical,A(3.75-4.0),,,,,,,,Female,Graduates,Logical,A(3.75-4.0),no
2019-12-05 19:10:50,2019-12-05 19:12:36,IP Address,166.216.159.8,100,106,True,2019-12-05 19:12:36,R_9LAM4LPc1Ga0iTD,,,,,39.9586944580078125,-82.9987030029296875,anonymous,EN,0.4,7.064,7.968,7,Graduates,Emotional,B+(3.25-3.5),,,,,,,,0.798,13.361,14.515,9,Junior,Logical,B+(3.25-3.5),Female,Graduates,Logical,A-(3.5-3.75),
2019-12-05 19:12:02,2019-12-05 19:14:01,IP Address,223.104.4.82,100,119,True,2019-12-05 19:14:02,R_2tEasZ5lcmFJdO3,,,,,32.06170654296875,118.777801513671875,anonymous,EN,6.896,41.542,43.28,22,Graduates,Logical,B+(3.25-3.5),2.11,26.711,27.801,17,PhD,Logical,B+(3.25-3.5),,,,,,,,Female,Graduates,Logical,A(3.75-4.0),
2019-12-05 19:11:56,2019-12-05 19:14:33,IP Address,223.104.148.14,100,156,True,2019-12-05 19:14:33,R_3KVEYzNFEBMtRBC,,,,,31.3040924072265625,120.59539794921875,anonymous,EN,5.371,38.859,39.342,27,Graduates,Logical,A-(3.5-3.75),,,,,,,,5.528,17.45,17.851,11,Senior,Logical,A(3.75-4.0),Male,Other,Emotional,B(3.0-3.25),知人知面不知心
2019-12-05 19:13:29,2019-12-05 19:15:13,IP Address,124.234.131.202,100,103,True,2019-12-05 19:15:13,R_1FL1J77otWGIOfl,,,,,43.8800048828125,125.32281494140625,anonymous,EN,1.539,38.223,38.946,33,Graduates,Logical,A-(3.5-3.75),,,,,,,,2.05,12.999,13.507,13,Graduates,Logical,A-(3.5-3.75),Female,Graduates,Prefer not to say,A-(3.5-3.75),write a paper
2019-12-05 19:14:25,2019-12-05 19:17:02,IP Address,49.78.38.15,100,157,True,2019-12-05 19:17:02,R_1hShhpXJ6WheRz9,,,,,31.3040924072265625,120.59539794921875,anonymous,EN,2.571,30.024,30.711,26,PhD,Logical,A-(3.5-3.75),1.756,12.615,13.392,20,Graduates,Emotional,B+(3.25-3.5),,,,,,,,Male,Graduates,Logical,B+(3.25-3.5),judge people with their apperance?
2019-12-05 19:18:08,2019-12-05 19:20:02,IP Address,139.212.61.157,100,113,True,2019-12-05 19:20:02,R_To7E1JBbp9DUQWR,,,,,31.0449066162109375,121.401214599609375,anonymous,EN,0.655,45.271,46.282,19,Graduates,Logical,B+(3.25-3.5),,,,,,,,1.913,35.829,36.641,21,Junior,Logical,A-(3.5-3.75),Female,Graduates,Emotional,B+(3.25-3.5),
2019-12-05 19:19:31,2019-12-05 19:21:01,IP Address,38.101.255.135,100,89,True,2019-12-05 19:21:01,R_2pKVNpl2Zkf6PYR,,,,,33.7855072021484375,-84.36119842529296875,anonymous,EN,2.17,20.036,20.846,15,Senior,Emotional,A(3.75-4.0),3.65,17.716,18.56,11,Junior,Logical,A(3.75-4.0),,,,,,,,Female,Graduates,Logical,A-(3.5-3.75),
2019-12-05 19:24:22,2019-12-05 19:25:10,IP Address,63.86.10.27,100,47,True,2019-12-05 19:25:10,R_0fI8ZFhmIRXhmmJ,,,,,41.718505859375,-93.56459808349609375,anonymous,EN,1.028,16.245,17.048,15,Senior,Logical,B+(3.25-3.5),,,,,,,,1.37,7.287,9.41,7,Sophomore,Logical,A-(3.5-3.75),Female,Graduates,Emotional,A-(3.5-3.75),
2019-12-05 19:25:02,2019-12-05 19:25:58,IP Address,223.104.3.189,100,55,True,2019-12-05 19:25:58,R_1exc0bCJAOxfETT,,,,,39.928802490234375,116.388885498046875,anonymous,EN,1.386,23.987,24.949,20,Sophomore,Emotional,B+(3.25-3.5),2.259,13.749,14.604,14,Junior,Logical,A-(3.5-3.75),,,,,,,,Female,Other,Logical,A(3.75-4.0),
2019-12-05 19:26:17,2019-12-05 19:27:50,IP Address,63.86.10.27,100,92,True,2019-12-05 19:27:50,R_2bJjVTrTtU4VmXv,,,,,41.718505859375,-93.56459808349609375,anonymous,EN,4.435,50.518,50.553,38,Graduates,Logical,A(3.75-4.0),1.731,16.031,17.051,13,Graduates,Emotional,A(3.75-4.0),,,,,,,,Male,Senior,Emotional,A(3.75-4.0),
2019-12-05 19:32:01,2019-12-05 19:33:30,IP Address,111.187.52.130,100,89,True,2019-12-05 19:33:30,R_31zlWhahplWSA8T,,,,,31.0449066162109375,121.401214599609375,anonymous,EN,4.087,30.742,33.7,14,Sophomore,Emotional,A-(3.5-3.75),,,,,,,,2.199,16.073,17.271,10,Freshman,Logical,A-(3.5-3.75),Female,Senior,Prefer not to say,B+(3.25-3.5),
2019-12-05 19:33:39,2019-12-05 19:34:36,IP Address,71.236.26.45,100,56,True,2019-12-05 19:34:39,R_3MyuPaHUwiWWiuL,,,,,33.808807373046875,-84.28150177001953125,anonymous,EN,1.872,26.192,28.293,17,Graduates,Emotional,B+(3.25-3.5),,,,,,,,0.578,6.217,7.932,8,PhD,Logical,A(3.75-4.0),Prefer not to say,Graduates,Emotional,B+(3.25-3.5),
2019-12-05 19:33:18,2019-12-05 19:34:53,IP Address,73.7.151.193,100,94,True,2019-12-05 19:34:53,R_1lbojxBvDVV7qnr,,,,,33.8513031005859375,-84.2870025634765625,anonymous,EN,1.493,43.91,44.532,33,Graduates,Emotional,B+(3.25-3.5),,,,,,,,1.25,13.632,14.279,14,Graduates,Logical,A(3.75-4.0),Female,Graduates,Emotional,A-(3.5-3.75),"No "
2019-12-05 19:32:14,2019-12-05 19:35:01,IP Address,140.243.2.157,100,167,True,2019-12-05 19:35:02,R_1CkLc4HbhHZ30cX,,,,,24.47979736328125,118.0819091796875,anonymous,EN,3.432,32.141,32.791,17,Graduates,Logical,B+(3.25-3.5),0.061,7.496,8.464,10,Freshman,Logical,A-(3.5-3.75),,,,,,,,Female,Sophomore,Prefer not to say,A-(3.5-3.75),
2019-12-05 19:34:12,2019-12-05 19:35:57,IP Address,223.104.4.80,100,105,True,2019-12-05 19:35:57,R_1OOxcQZCTL8IGGR,,,,,32.06170654296875,118.777801513671875,anonymous,EN,6.306,39.509,41.187,11,Senior,Logical,B+(3.25-3.5),2.113,11.766,12.939,8,Sophomore,Logical,A-(3.5-3.75),,,,,,,,Male,Senior,Prefer not to say,B(3.0-3.25),
2019-12-05 19:35:36,2019-12-05 19:36:18,IP Address,38.101.255.135,100,42,True,2019-12-05 19:36:19,R_2DN65bxzgl0EINt,,,,,33.7855072021484375,-84.36119842529296875,anonymous,EN,2.516,15.881,16.638,12,Graduates,Logical,A-(3.5-3.75),,,,,,,,0.907,8.549,9.14,9,Junior,Logical,A(3.75-4.0),Female,Graduates,Emotional,A-(3.5-3.75),
2019-12-05 19:36:32,2019-12-05 19:37:37,IP Address,73.43.218.54,100,64,True,2019-12-05 19:37:37,R_26lkgamDf3lgdBU,,,,,33.8231048583984375,-84.32579803466796875,anonymous,EN,4.416,26.409,27.587,13,Junior,Logical,A-(3.5-3.75),2.678,10.483,11.325,9,Senior,Logical,A(3.75-4.0),,,,,,,,Female,Graduates,Logical,A(3.75-4.0),
2019-12-05 19:43:42,2019-12-05 19:47:25,IP Address,223.104.65.225,100,222,True,2019-12-05 19:47:25,R_1LjSboKqfRjZwlb,,,,,23.0308074951171875,113.7174072265625,anonymous,EN,4.132,82.745,83.403,30,Graduates,Logical,A(3.75-4.0),2.097,75.5,76.356,20,Senior,Emotional,B(3.0-3.25),,,,,,,,Female,Graduates,Emotional,C(2.25-2.5),
2019-12-05 19:47:36,2019-12-05 19:49:02,IP Address,106.47.247.129,100,86,True,2019-12-05 19:49:02,R_33vz4rhftolggVg,,,,,39.142303466796875,117.172607421875,anonymous,EN,3.358,29.505,30.402,15,PhD,Logical,A(3.75-4.0),,,,,,,,0.429,12.473,13.403,11,Junior,Logical,A-(3.5-3.75),Female,Graduates,Prefer not to say,B+(3.25-3.5),
2019-12-05 19:48:54,2019-12-05 19:50:15,IP Address,71.233.237.170,100,81,True,2019-12-05 19:50:15,R_325CdMx2iOgTW58,,,,,42.3473968505859375,-71.158203125,anonymous,EN,5.606,35.403,36.233,19,Junior,Logical,A-(3.5-3.75),1.602,20.639,21.225,14,Senior,Logical,A-(3.5-3.75),,,,,,,,Female,Graduates,Logical,B(3.0-3.25),
2019-12-05 19:50:59,2019-12-05 19:51:48,IP Address,170.140.104.21,100,49,True,2019-12-05 19:51:48,R_2Bas76LppYjFZYa,,,,,33.794097900390625,-84.3249969482421875,anonymous,EN,0.864,17.597,18.438,10,Junior,Logical,A-(3.5-3.75),,,,,,,,2.388,12.855,13.424,13,Sophomore,Logical,A-(3.5-3.75),Male,Graduates,Logical,A-(3.5-3.75),
2019-12-05 19:56:48,2019-12-05 19:58:10,IP Address,71.56.22.153,100,82,True,2019-12-05 19:58:11,R_3KOyExRXKHzSrWe,,,,,33.808807373046875,-84.28150177001953125,anonymous,EN,4.659,32.95,33.793,10,Graduates,Logical,B(3.0-3.25),6.653,18.137,19.125,9,Senior,Emotional,B-(2.75-3.0),,,,,,,,Female,Graduates,Emotional,A(3.75-4.0),
2019-12-05 20:01:28,2019-12-05 20:06:00,IP Address,223.104.213.71,100,272,True,2019-12-05 20:06:01,R_3KopXsmwGFZoo5R,,,,,31.0449066162109375,121.401214599609375,anonymous,EN,3.226,84.338,85.104,26,Graduates,Logical,A-(3.5-3.75),,,,,,,,5.552,26.263,26.825,13,Graduates,Logical,A(3.75-4.0),Female,Graduates,Logical,B(3.0-3.25),appearance
2019-12-05 20:10:00,2019-12-05 20:11:05,IP Address,155.41.55.179,100,64,True,2019-12-05 20:11:05,R_24C1mB8MkUucjBT,,,,,42.346405029296875,-71.097503662109375,anonymous,EN,2.269,14.538,15.754,8,Sophomore,Logical,A(3.75-4.0),2.614,14.608,16.315,11,Freshman,Emotional,B(3.0-3.25),,,,,,,,Female,Graduates,Prefer not to say,Prefer not to say,
2019-12-05 20:11:11,2019-12-05 20:12:44,IP Address,220.195.64.48,100,93,True,2019-12-05 20:12:45,R_25YhFVUcqBppGPl,,,,,40.8105926513671875,111.652191162109375,anonymous,EN,4.844,26.104,27.184,14,Sophomore,Emotional,A-(3.5-3.75),2.069,11.504,12.274,10,Freshman,Emotional,B+(3.25-3.5),,,,,,,,Female,Other,Emotional,A-(3.5-3.75),Something about appearance and personality
2019-12-05 20:13:39,2019-12-05 20:15:36,IP Address,69.5.145.161,100,117,True,2019-12-05 20:15:37,R_2YXLLjD3k2dHajs,,,,,42.03729248046875,-93.60050201416015625,anonymous,EN,2.859,16.915,20.132,9,Graduates,Logical,A-(3.5-3.75),,,,,,,,0.967,12.133,13.282,9,PhD,Logical,A(3.75-4.0),Male,Graduates,Logical,A(3.75-4.0),personal grade with different appearance
2019-12-05 20:18:10,2019-12-05 20:19:15,IP Address,107.77.192.33,100,65,True,2019-12-05 20:19:15,R_1P6KGGbI2HuRwNy,,,,,42.356201171875,-71.06310272216796875,anonymous,EN,3.739,26.662,27.306,10,Junior,Logical,A-(3.5-3.75),,,,,,,,0.794,18.511,19.171,10,Sophomore,Logical,A(3.75-4.0),Male,Sophomore,Prefer not to say,Prefer not to say,
2019-12-05 20:20:27,2019-12-05 20:22:07,IP Address,129.186.251.50,100,99,True,2019-12-05 20:22:07,R_Wli22eKjQAPWA5X,,,,,42.0359954833984375,-93.46520233154296875,anonymous,EN,3.587,39.253,40.046,12,Graduates,Logical,A-(3.5-3.75),0.62,12.837,13.914,18,Sophomore,Logical,A-(3.5-3.75),,,,,,,,Male,Senior,Prefer not to say,B(3.0-3.25),
2019-12-05 20:34:16,2019-12-05 20:35:21,IP Address,38.101.255.135,100,65,True,2019-12-05 20:35:22,R_AtUu3rI0wXv7YNX,,,,,33.7855072021484375,-84.36119842529296875,anonymous,EN,3.297,23.447,24.483,10,Graduates,Emotional,A-(3.5-3.75),4.983,15.285,16.509,12,Freshman,Logical,B+(3.25-3.5),,,,,,,,Female,Graduates,Emotional,A(3.75-4.0),
2019-12-05 20:32:17,2019-12-05 20:35:42,IP Address,123.120.119.104,100,204,True,2019-12-05 20:35:42,R_3DtNVRVdOoQj6SJ,,,,,39.928802490234375,116.388885498046875,anonymous,EN,9.406,38.359,40.133,5,Freshman,Emotional,A-(3.5-3.75),,,,,,,,11.474,26.198,27.193,3,Junior,Logical,A(3.75-4.0),Female,Freshman,Logical,A-(3.5-3.75),Will wearing glasses change a person's the first impression?
2019-12-05 20:39:41,2019-12-05 20:42:18,IP Address,49.78.200.197,100,157,True,2019-12-05 20:42:18,R_2dlFqexulvvQmy7,,,,,30.29400634765625,120.161895751953125,anonymous,EN,1.075,55.263,56.29,29,PhD,Emotional,A-(3.5-3.75),,,,,,,,1.593,49.788,50.471,23,Graduates,Logical,A(3.75-4.0),Female,Junior,Prefer not to say,A-(3.5-3.75),
2019-12-05 15:50:10,2019-12-05 20:48:27,IP Address,142.79.192.104,100,17896,True,2019-12-05 20:48:27,R_1Hqp6CcHC2vUQN0,,,,,42.3634033203125,-71.07129669189453125,anonymous,EN,1.453,11.902,12.784,11,Graduates,Emotional,B+(3.25-3.5),,,,,,,,0.854,9.196,10.235,8,Graduates,Logical,A-(3.5-3.75),Female,Graduates,Emotional,A-(3.5-3.75),
2019-12-05 20:47:18,2019-12-05 20:49:29,IP Address,49.94.170.95,100,131,True,2019-12-05 20:49:30,R_3CDa5YlhBl09ubo,,,,,31.3040924072265625,120.59539794921875,anonymous,EN,2.079,40.287,40.842,22,Sophomore,Emotional,B+(3.25-3.5),,,,,,,,1.629,20.518,21.369,17,Graduates,Logical,A-(3.5-3.75),Female,Sophomore,Logical,A(3.75-4.0),
2019-12-05 20:49:57,2019-12-05 20:51:20,IP Address,174.63.107.177,100,82,True,2019-12-05 20:51:20,R_xla1e3ojit4V4Ln,,,,,42.34979248046875,-71.07649993896484375,anonymous,EN,2.81,28.092,30.674,13,Graduates,Logical,A-(3.5-3.75),0.768,21.273,21.856,11,Graduates,Emotional,B+(3.25-3.5),,,,,,,,Female,Graduates,Prefer not to say,B(3.0-3.25),
2019-12-05 21:10:57,2019-12-05 21:12:11,IP Address,172.58.220.114,100,73,True,2019-12-05 21:12:11,R_1K3mh5cjIlldGrM,,,,,42.37249755859375,-71.181396484375,anonymous,EN,3.233,33.155,33.892,18,Graduates,Logical,B(3.0-3.25),,,,,,,,2.037,10.413,11.254,11,PhD,Logical,A(3.75-4.0),Male,Other,Prefer not to say,B-(2.75-3.0),
2019-12-05 21:26:07,2019-12-05 21:29:02,IP Address,120.36.151.67,100,174,True,2019-12-05 21:29:02,R_2uX4jtsNhpWeBUd,,,,,24.47979736328125,118.0819091796875,anonymous,EN,1.874,28.868,29.355,13,Senior,Logical,A-(3.5-3.75),0.776,31.559,32.489,21,Junior,Emotional,B+(3.25-3.5),,,,,,,,Female,Graduates,Emotional,A-(3.5-3.75),
2019-12-05 21:32:11,2019-12-05 21:34:27,IP Address,112.20.67.219,100,136,True,2019-12-05 21:34:28,R_3FKH4T6BbhMtDQp,,,,,32.06170654296875,118.777801513671875,anonymous,EN,0.134,16.344,16.998,11,Graduates,Logical,A(3.75-4.0),,,,,,,,0.217,12.143,12.867,14,Senior,Logical,A(3.75-4.0),Male,Graduates,Prefer not to say,A-(3.5-3.75),
2019-12-05 21:53:02,2019-12-05 21:54:04,IP Address,146.115.43.193,100,61,True,2019-12-05 21:54:04,R_1EbWGkT8VzQ0QUK,,,,,42.3473968505859375,-71.158203125,anonymous,EN,2.845,21.927,22.857,10,Graduates,Logical,B+(3.25-3.5),0.676,13.106,13.122,13,Senior,Logical,A-(3.5-3.75),,,,,,,,Female,Graduates,Emotional,A(3.75-4.0),
2019-12-05 23:10:03,2019-12-05 23:11:16,IP Address,24.30.94.172,100,73,True,2019-12-05 23:11:17,R_339h6viwT1HTZRY,,,,,33.8231048583984375,-84.32579803466796875,anonymous,EN,1.716,31.48,32.056,15,Sophomore,Emotional,A-(3.5-3.75),0.589,17.64,19.777,9,Sophomore,Logical,A-(3.5-3.75),,,,,,,,Female,Graduates,Logical,A(3.75-4.0),
2019-12-06 00:18:53,2019-12-06 00:20:04,IP Address,66.31.125.40,100,71,True,2019-12-06 00:20:04,R_OEaScO4qJw3XKFz,,,,,42.3473968505859375,-71.158203125,anonymous,EN,1.14,18.584,19.173,11,Senior,Logical,B+(3.25-3.5),,,,,,,,0.93,14.354,15.052,15,Junior,Logical,A-(3.5-3.75),Female,Graduates,Logical,B(3.0-3.25),
2019-12-05 19:41:04,2019-12-06 00:24:24,IP Address,101.84.132.138,100,17000,True,2019-12-06 00:24:24,R_u4ha6RaAr1G3v33,,,,,31.0449066162109375,121.401214599609375,anonymous,EN,0.921,24.154,25.483,22,Graduates,Emotional,A-(3.5-3.75),0.546,12.615,13.538,12,Freshman,Logical,A-(3.5-3.75),,,,,,,,Female,Graduates,Emotional,A-(3.5-3.75),
2019-12-06 01:10:22,2019-12-06 01:11:48,IP Address,86.173.216.12,100,86,True,2019-12-06 01:11:48,R_eEcCgztqdUoi04V,,,,,51.5041961669921875,-0.2198944091796875,anonymous,EN,3.055,19.554,20.314,14,Freshman,Logical,B+(3.25-3.5),,,,,,,,4.27,11.817,12.557,14,Junior,Emotional,A-(3.5-3.75),Female,Freshman,Logical,A-(3.5-3.75),statistics
2019-12-06 01:35:28,2019-12-06 01:37:55,IP Address,113.54.240.249,100,146,True,2019-12-06 01:37:56,R_30uA4XfOZHxQVoT,,,,,30.6667022705078125,104.06671142578125,anonymous,EN,3.85,57.977,59.754,38,Graduates,Logical,A-(3.5-3.75),0.883,22.785,23.851,24,Junior,Logical,A-(3.5-3.75),,,,,,,,Female,Graduates,Logical,B+(3.25-3.5),
2019-12-06 02:20:08,2019-12-06 02:21:14,IP Address,31.205.99.16,100,65,True,2019-12-06 02:21:14,R_2aaDpwnc0BzdRBn,,,,,53.7964935302734375,-1.5478057861328125,anonymous,EN,3.199,22.107,22.807,13,Senior,Logical,A-(3.5-3.75),,,,,,,,4.37,10.711,11.863,9,Freshman,Logical,A(3.75-4.0),Female,Graduates,Logical,A-(3.5-3.75),
2019-12-06 02:41:43,2019-12-06 02:43:11,IP Address,223.104.212.15,100,88,True,2019-12-06 02:43:12,R_Aj0bfSqoqvghMmR,,,,,31.0449066162109375,121.401214599609375,anonymous,EN,2.041,16.19,16.93,14,Senior,Emotional,A-(3.5-3.75),,,,,,,,3.763,16.715,17.624,10,Junior,Logical,A(3.75-4.0),Female,Graduates,Emotional,A-(3.5-3.75),Facial expression
2019-12-06 03:30:17,2019-12-06 03:33:55,IP Address,112.65.48.109,100,218,True,2019-12-06 03:33:55,R_1PZfok3OawT4ZoP,,,,,31.0449066162109375,121.401214599609375,anonymous,EN,1.078,41.278,41.683,33,Junior,Emotional,A-(3.5-3.75),0.773,16.87,17.669,13,Freshman,Logical,A(3.75-4.0),,,,,,,,Female,Junior,Prefer not to say,A-(3.5-3.75),launch a picture store
2019-12-06 03:42:09,2019-12-06 03:44:10,IP Address,222.128.33.221,100,120,True,2019-12-06 03:44:11,R_3EFPPdOIQVgw2N1,,,,,39.928802490234375,116.388885498046875,anonymous,EN,25.128,49.625,50.805,3,Junior,Logical,A-(3.5-3.75),5.469,10.942,12.411,3,Sophomore,Logical,A-(3.5-3.75),,,,,,,,Female,Graduates,Logical,A-(3.5-3.75),"stereotype "
2019-12-06 04:02:04,2019-12-06 04:03:36,IP Address,46.193.66.238,100,92,True,2019-12-06 04:03:36,R_1dt7ZrfZN0MqQqu,,,,,49.03509521484375,2.07550048828125,anonymous,EN,3.881,24.189,24.929,21,Freshman,Emotional,B+(3.25-3.5),,,,,,,,2.416,16.133,17.287,14,Freshman,Logical,B+(3.25-3.5),Female,Graduates,Emotional,B+(3.25-3.5),
2019-12-06 04:16:40,2019-12-06 04:17:59,IP Address,221.225.147.24,100,78,True,2019-12-06 04:18:00,R_2vbGCCZflQ7Z2tY,,,,,31.3834991455078125,120.951995849609375,anonymous,EN,2.429,23.263,24.071,12,Sophomore,Logical,A(3.75-4.0),0.444,19.989,20.983,13,Freshman,Emotional,B(3.0-3.25),,,,,,,,Male,Sophomore,Prefer not to say,B(3.0-3.25),
2019-12-06 04:16:52,2019-12-06 04:18:54,IP Address,37.167.57.121,100,121,True,2019-12-06 04:18:54,R_1gonbnzooc9lF8d,,,,,48.8582000732421875,2.3386993408203125,anonymous,EN,4.869,46.927,48.642,25,Graduates,Logical,B+(3.25-3.5),2.156,20.47,21.472,20,Sophomore,Logical,C+(2.5-2.75),,,,,,,,Male,Junior,Logical,Prefer not to say,
2019-12-06 04:21:08,2019-12-06 04:22:11,IP Address,223.104.146.67,100,63,True,2019-12-06 04:22:12,R_1pF0fcnsI9UbKqL,,,,,31.3040924072265625,120.59539794921875,anonymous,EN,1.804,30.605,31.2,14,Junior,Emotional,A-(3.5-3.75),,,,,,,,1.648,9.114,10.696,7,Graduates,Logical,A(3.75-4.0),Female,Sophomore,Emotional,A(3.75-4.0),
2019-12-06 04:21:42,2019-12-06 04:23:03,IP Address,122.192.14.187,100,81,True,2019-12-06 04:23:03,R_tYzV9uRddT0XyEx,,,,,31.3040924072265625,120.59539794921875,anonymous,EN,3.642,33.148,34.046,15,Sophomore,Emotional,B+(3.25-3.5),2.667,14.023,14.774,11,Freshman,Emotional,C+(2.5-2.75),,,,,,,,Female,Senior,Prefer not to say,B(3.0-3.25),
2019-12-06 04:31:19,2019-12-06 04:32:35,IP Address,124.160.214.225,100,76,True,2019-12-06 04:32:36,R_3FR0DQGPgNHfmqM,,,,,30.29400634765625,120.161895751953125,anonymous,EN,4.239,27.342,28.962,16,Graduates,Emotional,A-(3.5-3.75),,,,,,,,0.182,7.63,8.474,10,Graduates,Logical,A(3.75-4.0),Female,Senior,Emotional,B+(3.25-3.5),
2019-12-06 04:32:35,2019-12-06 04:34:40,IP Address,117.136.38.33,100,125,True,2019-12-06 04:34:40,R_2fJo8dz2giMtiW7,,,,,39.928802490234375,116.388885498046875,anonymous,EN,0.955,52.445,53.296,44,Graduates,Logical,A(3.75-4.0),1.087,35.285,35.631,28,Freshman,Logical,A-(3.5-3.75),,,,,,,,Male,Graduates,Logical,A(3.75-4.0),
2019-12-06 05:05:26,2019-12-06 05:06:25,IP Address,209.94.130.152,100,59,True,2019-12-06 05:06:26,R_1dssTpJ8j2xOdim,,,,,42.3513031005859375,-71.13700103759765625,anonymous,EN,1.29,22.942,23.542,15,Junior,Logical,A(3.75-4.0),,,,,,,,0.363,11.082,11.875,11,Graduates,Logical,A(3.75-4.0),Female,Graduates,Logical,A-(3.5-3.75),
2019-12-06 05:25:53,2019-12-06 05:27:59,IP Address,117.136.68.155,100,125,True,2019-12-06 05:27:59,R_1qWJHqFsmpnflQN,,,,,31.3040924072265625,120.59539794921875,anonymous,EN,3.191,23.169,24.488,11,Sophomore,Emotional,A(3.75-4.0),2.719,13.802,14.923,8,Senior,Logical,A(3.75-4.0),,,,,,,,Female,Sophomore,Logical,A-(3.5-3.75),Is there any relation between the look and the personality and grade?
2019-12-06 05:42:25,2019-12-06 05:43:21,IP Address,117.136.67.212,100,56,True,2019-12-06 05:43:21,R_1l3pmmTiteoZ222,,,,,31.3040924072265625,120.59539794921875,anonymous,EN,2.191,22.51,23.396,19,Sophomore,Logical,A-(3.5-3.75),,,,,,,,2.311,10.521,11.514,11,Freshman,Logical,B+(3.25-3.5),Male,Senior,Prefer not to say,B+(3.25-3.5),
2019-12-06 05:43:07,2019-12-06 05:45:11,IP Address,111.25.156.168,100,124,True,2019-12-06 05:45:12,R_Cks3308T0K4n1xn,,,,,42.2400970458984375,125.717193603515625,anonymous,EN,2.84,38.08,38.982,22,Sophomore,Logical,B+(3.25-3.5),1.494,10.648,11.507,8,Freshman,Emotional,B-(2.75-3.0),,,,,,,,Female,Graduates,Emotional,B+(3.25-3.5),第一印象和刻板印象的关系？实在不想写英文了不好意思
2019-12-06 05:59:45,2019-12-06 06:00:48,IP Address,1.65.202.102,100,62,True,2019-12-06 06:00:48,R_wOhDmZ2uVC18SC5,,,,,22.2908935546875,114.149993896484375,anonymous,EN,2.23,22.031,22.8,15,Freshman,Logical,A-(3.5-3.75),,,,,,,,0.987,8.219,9.038,9,Senior,Logical,A-(3.5-3.75),Female,Graduates,Emotional,A-(3.5-3.75),
2019-12-06 06:14:12,2019-12-06 06:14:47,IP Address,223.79.38.136,100,35,True,2019-12-06 06:14:48,R_3oEA38Ya40uzPqF,,,,,36.0659942626953125,120.369384765625,anonymous,EN,0.6,5.781,6.668,9,Sophomore,Logical,B(3.0-3.25),0.477,5.205,6.321,7,Junior,Logical,B+(3.25-3.5),,,,,,,,Prefer not to say,Graduates,Emotional,A-(3.5-3.75),
2019-12-06 06:16:59,2019-12-06 06:18:41,IP Address,112.87.177.95,100,102,True,2019-12-06 06:18:41,R_ULXyIZvvZjrUZO1,,,,,31.3040924072265625,120.59539794921875,anonymous,EN,4.263,33.65,34.853,15,Graduates,Emotional,B(3.0-3.25),3.709,12.142,13.144,10,Junior,Logical,B(3.0-3.25),,,,,,,,Female,Graduates,Emotional,Prefer not to say,看面相？
2019-12-06 06:17:32,2019-12-06 06:19:18,IP Address,37.170.172.38,100,105,True,2019-12-06 06:19:18,R_2eUTDkdC8Tgwirn,,,,,48.8582000732421875,2.3386993408203125,anonymous,EN,4.88,47.836,49.06,13,Graduates,Logical,A-(3.5-3.75),,,,,,,,9.179,19.183,23.391,11,Freshman,Logical,A-(3.5-3.75),Male,Sophomore,Logical,B+(3.25-3.5),
2019-12-06 07:39:00,2019-12-06 07:44:05,IP Address,61.170.244.127,100,305,True,2019-12-06 07:44:05,R_2a9OufyrWgn7fMm,,,,,31.0449066162109375,121.401214599609375,anonymous,EN,4.567,39.342,40.257,15,Junior,Emotional,A-(3.5-3.75),0.911,33.805,35.051,17,Senior,Logical,A(3.75-4.0),,,,,,,,Female,Graduates,Emotional,A-(3.5-3.75),"How appearance affect impression "
2019-12-06 07:45:02,2019-12-06 07:46:44,IP Address,168.122.211.100,100,102,True,2019-12-06 07:46:45,R_2y3gjmk58NaUIKD,,,,,42.346405029296875,-71.097503662109375,anonymous,EN,4.607,42.913,44.016,17,Junior,Logical,A(3.75-4.0),3.141,25.426,26.312,14,Senior,Emotional,B+(3.25-3.5),,,,,,,,Female,Graduates,Logical,A(3.75-4.0),
2019-12-06 08:27:02,2019-12-06 08:28:36,IP Address,155.41.104.113,100,93,True,2019-12-06 08:28:36,R_2BsOU9TIRG6WI37,,,,,42.346405029296875,-71.097503662109375,anonymous,EN,5.53,38.535,39.451,14,Junior,Emotional,A(3.75-4.0),6.767,17.27,18.388,8,Junior,Logical,A(3.75-4.0),,,,,,,,Male,Graduates,Prefer not to say,A-(3.5-3.75),
2019-12-06 08:40:52,2019-12-06 08:41:45,IP Address,107.77.195.47,100,53,True,2019-12-06 08:41:45,R_2TEJV4zzSaWTYTE,,,,,42.4651947021484375,-83.37129974365234375,anonymous,EN,0.37,27.999,28.782,19,Graduates,Logical,A(3.75-4.0),,,,,,,,1.018,7.186,7.885,10,PhD,Logical,A-(3.5-3.75),Male,Graduates,Logical,A-(3.5-3.75),
2019-12-06 09:15:13,2019-12-06 09:17:39,IP Address,71.235.192.113,100,145,True,2019-12-06 09:17:39,R_2CgkHwHdblz9Tsv,,,,,42.4279937744140625,-71.061798095703125,anonymous,EN,0.732,34.343,36.165,7,Junior,Emotional,A-(3.5-3.75),,,,,,,,0.501,28.471,30.364,12,Sophomore,Emotional,A-(3.5-3.75),Female,Graduates,Emotional,A-(3.5-3.75),Do glasses affect ones perspective of another person?
2019-12-06 09:43:30,2019-12-06 09:44:13,IP Address,146.115.41.200,100,43,True,2019-12-06 09:44:14,R_bf38iHRKt5nDq0x,,,,,42.3473968505859375,-71.158203125,anonymous,EN,2.763,14.465,15.315,12,Sophomore,Logical,A-(3.5-3.75),0.698,4.568,5.974,5,Sophomore,,B(3.0-3.25),,,,,,,,Male,Graduates,Logical,B+(3.25-3.5),
2019-12-06 10:25:50,2019-12-06 10:26:31,IP Address,166.216.159.199,100,40,True,2019-12-06 10:26:31,R_24zMhjheH41qyo0,,,,,42.460205078125,-83.13430023193359375,anonymous,EN,1.738,15.873,16.949,9,Graduates,Logical,A-(3.5-3.75),1.143,6.442,7.615,8,Graduates,Logical,A(3.75-4.0),,,,,,,,Male,Graduates,Emotional,A-(3.5-3.75),
2019-12-06 10:30:10,2019-12-06 10:31:22,IP Address,174.204.13.116,100,72,True,2019-12-06 10:31:22,R_2YsP0bo6tEPZNCd,,,,,38.7740936279296875,-77.23850250244140625,anonymous,EN,2.464,33.006,33.87,15,Sophomore,Logical,A-(3.5-3.75),,,,,,,,1.926,16.743,17.545,17,Graduates,Logical,A-(3.5-3.75),Female,Graduates,Prefer not to say,B+(3.25-3.5),
2019-12-06 10:50:05,2019-12-06 10:53:10,IP Address,117.174.31.112,100,185,True,2019-12-06 10:53:10,R_2urdIjzAwSqPgW2,,,,,30.6667022705078125,104.06671142578125,anonymous,EN,0.56,22.476,24.526,14,Graduates,Logical,A-(3.5-3.75),1.344,9.827,10.701,11,Sophomore,Logical,A(3.75-4.0),,,,,,,,Female,Graduates,Emotional,B+(3.25-3.5),"appearance and personality/gpa/age "
2019-12-06 10:56:05,2019-12-06 10:56:48,IP Address,168.122.200.22,100,43,True,2019-12-06 10:56:49,R_3qxJI2QthyvPShX,,,,,42.346405029296875,-71.097503662109375,anonymous,EN,2.838,14.566,15.302,11,Graduates,Logical,A(3.75-4.0),,,,,,,,0.654,10.272,11.004,17,Sophomore,Logical,A(3.75-4.0),Female,Graduates,Emotional,A-(3.5-3.75),
2019-12-06 11:02:08,2019-12-06 11:04:32,IP Address,172.58.219.19,100,143,True,2019-12-06 11:04:32,R_3dJPB4GvTF5sHAK,,,,,42.3634033203125,-71.07129669189453125,anonymous,EN,4.319,64.355,68,17,Junior,Emotional,B(3.0-3.25),4.341,30.673,31.694,10,Sophomore,Emotional,B-(2.75-3.0),,,,,,,,Prefer not to say,Graduates,Prefer not to say,A(3.75-4.0),
2019-12-06 11:04:47,2019-12-06 11:06:14,IP Address,141.133.148.54,100,87,True,2019-12-06 11:06:14,R_3CK3oA8f2pckzM7,,,,,42.365997314453125,-71.2270965576171875,anonymous,EN,1.659,27.671,28.452,16,Graduates,Emotional,A-(3.5-3.75),1.102,12.99,14.071,10,Graduates,Logical,A(3.75-4.0),,,,,,,,Female,Freshman,Emotional,B+(3.25-3.5),
2019-12-06 11:07:06,2019-12-06 11:09:03,IP Address,158.121.180.38,100,116,True,2019-12-06 11:09:03,R_2tyhhYmcXme5vln,,,,,42.297393798828125,-71.07219696044921875,anonymous,EN,1.171,72.151,73.278,36,Graduates,Logical,A-(3.5-3.75),,,,,,,,0.813,7.133,8.113,9,PhD,Logical,A(3.75-4.0),Female,Sophomore,Logical,A(3.75-4.0),
2019-12-06 11:16:40,2019-12-06 11:17:39,IP Address,206.166.194.194,100,58,True,2019-12-06 11:17:39,R_57vRAI9hEPeW9Fv,,,,,42.310394287109375,-71.27410125732421875,anonymous,EN,1.012,11.181,11.986,9,Junior,Emotional,A-(3.5-3.75),1.261,5.722,6.891,9,Freshman,Logical,A-(3.5-3.75),,,,,,,,Female,Other,Emotional,B+(3.25-3.5),
2019-12-06 11:33:26,2019-12-06 11:34:19,IP Address,50.205.228.19,100,53,True,2019-12-06 11:34:19,R_2qELPswD3YmBJMN,,,,,42.297393798828125,-71.07219696044921875,anonymous,EN,2.514,20.955,21.595,10,Junior,Logical,A-(3.5-3.75),2.32,13.143,14.008,10,Sophomore,Logical,B+(3.25-3.5),,,,,,,,Female,Sophomore,Prefer not to say,B(3.0-3.25),
2019-12-06 11:36:31,2019-12-06 11:37:33,IP Address,24.218.57.73,100,61,True,2019-12-06 11:37:33,R_79bIK3cfEc6Xz9v,,,,,42.3119964599609375,-71.10810089111328125,anonymous,EN,3.505,32.222,33.107,12,Graduates,Emotional,A-(3.5-3.75),,,,,,,,1.094,11.218,12.5,9,Sophomore,Emotional,B+(3.25-3.5),Male,Graduates,Emotional,B(3.0-3.25),
2019-12-06 12:04:08,2019-12-06 12:05:49,IP Address,155.41.5.181,100,101,True,2019-12-06 12:05:49,R_2YfhQgNDzFRllQZ,,,,,42.346405029296875,-71.097503662109375,anonymous,EN,13.611,47.553,48.613,3,Graduates,Emotional,B+(3.25-3.5),9.064,19.632,20.593,3,Senior,Logical,B(3.0-3.25),,,,,,,,Male,Graduates,Prefer not to say,Prefer not to say,I have no idea...
2019-12-06 12:22:35,2019-12-06 12:23:38,IP Address,155.41.105.198,100,62,True,2019-12-06 12:23:38,R_2fLOlyompJs7BHX,,,,,42.346405029296875,-71.097503662109375,anonymous,EN,5.982,18.758,20.603,4,Junior,Emotional,B+(3.25-3.5),,,,,,,,5.511,15.366,16.373,3,Senior,Emotional,A-(3.5-3.75),Female,Graduates,Prefer not to say,Prefer not to say,
2019-12-06 12:22:40,2019-12-06 12:24:32,IP Address,155.41.16.186,100,111,True,2019-12-06 12:24:32,R_3FIghkjAvUHxKx4,,,,,42.346405029296875,-71.097503662109375,anonymous,EN,6.062,12.604,13.542,4,Sophomore,Logical,B(3.0-3.25),5.695,11.432,12.553,6,Junior,Logical,A-(3.5-3.75),,,,,,,,Male,Graduates,Emotional,B(3.0-3.25),
2019-12-06 12:24:33,2019-12-06 12:25:43,IP Address,172.58.219.162,100,69,True,2019-12-06 12:25:43,R_2xJjC8vHLKZVbQw,,,,,42.3634033203125,-71.07129669189453125,anonymous,EN,1.579,28.365,29.238,18,Sophomore,Emotional,B+(3.25-3.5),,,,,,,,1.181,15.526,16.767,10,Freshman,,A-(3.5-3.75),Male,Graduates,Logical,A-(3.5-3.75),
2019-12-06 12:28:11,2019-12-06 12:29:47,IP Address,155.41.36.7,100,96,True,2019-12-06 12:29:47,R_2xWsLyi0TNkxxMu,,,,,42.346405029296875,-71.097503662109375,anonymous,EN,9.902,25.905,26.981,6,Junior,Logical,B+(3.25-3.5),,,,,,,,5.778,10.783,12.309,3,Sophomore,Logical,A-(3.5-3.75),Female,Graduates,Emotional,A-(3.5-3.75),Can we correctly identify how smart someone is by their looks?
2019-12-06 12:32:14,2019-12-06 12:33:11,IP Address,155.41.113.193,100,56,True,2019-12-06 12:33:11,R_24kJZlgvR0bVT7K,,,,,42.346405029296875,-71.097503662109375,anonymous,EN,3.209,18.127,19.048,15,Junior,Logical,A-(3.5-3.75),0.803,18.653,19.753,11,Junior,Logical,A-(3.5-3.75),,,,,,,,Female,Graduates,Logical,A-(3.5-3.75),
2019-12-06 12:46:45,2019-12-06 12:48:37,IP Address,14.28.47.26,100,111,True,2019-12-06 12:48:37,R_1j9bBxujRVeqsLI,,,,,22.533294677734375,114.13330078125,anonymous,EN,1.462,39.797,40.87,28,Junior,Emotional,A-(3.5-3.75),3.029,35.617,37.609,20,Senior,Logical,B+(3.25-3.5),,,,,,,,Female,Senior,Prefer not to say,B+(3.25-3.5),
2019-12-06 12:48:05,2019-12-06 12:49:06,IP Address,168.122.3.114,100,61,True,2019-12-06 12:49:06,R_3KCHffN2PIf5lnY,,,,,42.346405029296875,-71.097503662109375,anonymous,EN,15.154,24.424,25.7,3,Senior,Logical,B(3.0-3.25),,,,,,,,5.789,9.979,11.325,3,Senior,Logical,B(3.0-3.25),Male,Graduates,Logical,A(3.75-4.0),
2019-12-06 13:06:30,2019-12-06 13:07:50,IP Address,129.186.253.174,100,79,True,2019-12-06 13:07:50,R_2QuJZZcIZ22UB8K,,,,,42.0359954833984375,-93.46520233154296875,anonymous,EN,6.959,43.478,44.225,16,Graduates,Logical,B(3.0-3.25),0.92,10.035,11.396,7,Junior,Logical,B(3.0-3.25),,,,,,,,Male,Senior,Logical,B(3.0-3.25),
2019-12-06 13:42:21,2019-12-06 13:44:43,IP Address,205.175.106.97,100,142,True,2019-12-06 13:44:43,R_sMwH7iE0AIcawgh,,,,,47.6631011962890625,-122.3029022216796875,anonymous,EN,1.006,43.931,43.958,25,Senior,Logical,A-(3.5-3.75),1.201,21.07,23.917,17,Sophomore,Logical,A-(3.5-3.75),,,,,,,,Prefer not to say,Junior,Prefer not to say,Prefer not to say,"How does one person’s appearance and costumes affect people’s assumptions on his/her performance "
2019-12-06 13:49:30,2019-12-06 13:50:33,IP Address,155.41.54.175,100,62,True,2019-12-06 13:50:33,R_3mdxg8yGbtHDsHQ,,,,,42.346405029296875,-71.097503662109375,anonymous,EN,0.423,25.022,26.344,18,Junior,Logical,A-(3.5-3.75),,,,,,,,0.781,12.564,13.309,12,Sophomore,Emotional,B+(3.25-3.5),Male,Graduates,Logical,B+(3.25-3.5),Nope
2019-12-06 12:11:24,2019-12-06 14:20:01,IP Address,107.77.206.215,100,7717,True,2019-12-06 14:20:01,R_3F2WzbSHa3ecBDX,,,,,41.848297119140625,-87.651702880859375,anonymous,EN,0.697,24.237,25.812,12,Junior,Logical,B+(3.25-3.5),,,,,,,,1.818,25.436,26.253,16,Sophomore,Logical,A-(3.5-3.75),Male,PhD,Logical,A-(3.5-3.75),"first impression based on appearance "
2019-12-06 14:38:11,2019-12-06 14:39:23,IP Address,71.232.99.74,100,72,True,2019-12-06 14:39:23,R_2fCL9pWZY1E2dTL,,,,,42.3267974853515625,-71.13410186767578125,anonymous,EN,2.585,23.901,24.693,23,Graduates,Logical,A-(3.5-3.75),,,,,,,,0.641,21.152,22.417,20,Senior,Logical,A(3.75-4.0),Female,Graduates,Emotional,B+(3.25-3.5),
2019-12-06 15:23:58,2019-12-06 15:25:50,IP Address,24.91.215.27,100,111,True,2019-12-06 15:25:50,R_Dw1n3lWX3VB6sE1,,,,,42.33880615234375,-71.072601318359375,anonymous,EN,3.97,38.488,40.239,20,Graduates,Logical,A-(3.5-3.75),6.159,25.692,26.784,15,Sophomore,Logical,A(3.75-4.0),,,,,,,,Female,Graduates,Logical,A(3.75-4.0),Facial personality AI
2019-12-06 21:42:34,2019-12-06 21:45:11,IP Address,112.97.240.86,100,157,True,2019-12-06 21:45:11,R_07d4K9mQ8XWyGqZ,,,,,23.0308074951171875,113.7174072265625,anonymous,EN,0.045,52.491,53.054,22,Graduates,Emotional,B+(3.25-3.5),,,,,,,,0.038,22.299,23.044,17,Senior,Logical,A-(3.5-3.75),Female,Senior,Prefer not to say,C(2.25-2.5),印象调查
2019-12-06 21:46:20,2019-12-06 21:47:50,IP Address,223.104.63.236,100,89,True,2019-12-06 21:47:50,R_2tDvzV7gSDXaPhn,,,,,23.0308074951171875,113.7174072265625,anonymous,EN,3.486,17.668,18.523,9,Senior,Logical,A-(3.5-3.75),,,,,,,,1.562,13.991,14.045,9,Junior,Logical,A(3.75-4.0),Female,Graduates,Emotional,B-(2.75-3.0),
2019-12-07 13:09:04,2019-12-07 13:10:18,IP Address,146.115.80.139,100,74,True,2019-12-07 13:10:19,R_22VRoDjFwnaS5bL,,,,,42.3634033203125,-71.07129669189453125,anonymous,EN,1.052,24.604,25.452,16,Sophomore,Logical,A-(3.5-3.75),0.967,17.617,18.166,12,Senior,Logical,B+(3.25-3.5),,,,,,,,Female,Sophomore,Emotional,A-(3.5-3.75),
2019-12-06 11:04:51,2019-12-07 13:16:58,IP Address,142.79.201.133,100,94326,True,2019-12-07 13:16:58,R_r7Tk1PSZXtMdP9L,,,,,42.3634033203125,-71.07129669189453125,anonymous,EN,4.25,4.25,5.916,1,,,,,,,,,,,4.336,4.336,6.355,1,,,,,,,,
2019-12-07 13:22:44,2019-12-07 13:24:22,IP Address,98.155.118.107,100,98,True,2019-12-07 13:24:22,R_3nGmxyobFBodFkb,,,,,21.497100830078125,-158.041900634765625,anonymous,EN,1.501,31.453,32.814,19,Senior,Logical,A(3.75-4.0),,,,,,,,1.311,22.594,23.382,14,Graduates,Logical,A(3.75-4.0),Male,Other,Prefer not to say,B(3.0-3.25),
2019-12-07 13:24:08,2019-12-07 13:25:37,IP Address,24.63.76.172,100,88,True,2019-12-07 13:25:37,R_3knVI6fAIMVLgBj,,,,,42.3473968505859375,-71.158203125,anonymous,EN,2.823,39.706,42.046,11,Graduates,Logical,B(3.0-3.25),,,,,,,,2.51,21.007,21.447,16,Sophomore,Logical,A(3.75-4.0),Female,Senior,Emotional,A(3.75-4.0),
2019-12-07 13:32:44,2019-12-07 13:33:24,IP Address,130.126.255.237,100,40,True,2019-12-07 13:33:27,R_3p0iHwF6tM3mtCt,,,,,40.104705810546875,-88.20619964599609375,anonymous,EN,3.445,12.133,13.428,6,Junior,Logical,B+(3.25-3.5),,,,,,,,0.69,7.321,7.972,6,Junior,Logical,A-(3.5-3.75),Female,Graduates,Logical,A(3.75-4.0),
2019-12-07 13:32:34,2019-12-07 13:34:32,IP Address,45.37.138.24,100,117,True,2019-12-07 13:34:32,R_6nHvE7qDIdMD0E9,,,,,35.36639404296875,-77.92209625244140625,anonymous,EN,3.017,34.284,34.802,21,Freshman,Emotional,B+(3.25-3.5),2.426,33.188,33.649,25,Junior,Logical,B(3.0-3.25),,,,,,,,Male,Other,Logical,A(3.75-4.0),
2019-12-07 13:36:17,2019-12-07 13:37:50,IP Address,96.40.149.195,100,92,True,2019-12-07 13:37:50,R_2zGt4ttWAghwc6s,,,,,34.0648040771484375,-118.08599853515625,anonymous,EN,2.106,32.312,33.06,17,Freshman,Logical,A-(3.5-3.75),1.175,8.385,9.143,7,Freshman,Emotional,B+(3.25-3.5),,,,,,,,Male,Other,Logical,C+(2.5-2.75),Human first expression
2019-12-07 13:42:38,2019-12-07 13:43:31,IP Address,107.77.195.114,100,52,True,2019-12-07 13:43:31,R_1cYNIOPfaqydin2,,,,,42.4651947021484375,-83.37129974365234375,anonymous,EN,1.302,19.006,20.308,9,Graduates,Logical,A-(3.5-3.75),,,,,,,,2.133,10.463,11.901,8,Graduates,Logical,A(3.75-4.0),Female,Senior,Logical,Prefer not to say,
2019-12-07 13:46:31,2019-12-07 13:47:41,IP Address,107.184.89.120,100,70,True,2019-12-07 13:47:41,R_33xLfpCDj0yw0bo,,,,,34.0469970703125,-118.27500152587890625,anonymous,EN,4.796,24.859,25.394,10,Junior,Logical,A(3.75-4.0),,,,,,,,3.941,12.94,13.85,9,Senior,Emotional,A(3.75-4.0),Female,Junior,Emotional,A(3.75-4.0),
2019-12-07 13:49:44,2019-12-07 13:50:57,IP Address,174.207.24.65,100,73,True,2019-12-07 13:50:58,R_yWrcn2arhUWBLCV,,,,,30.3773040771484375,-97.70999908447265625,anonymous,EN,7.736,26.509,27.5,11,Senior,Emotional,B-(2.75-3.0),3.158,9.208,10.148,9,PhD,Logical,A(3.75-4.0),,,,,,,,Female,Graduates,Logical,B+(3.25-3.5),
2019-12-07 13:49:46,2019-12-07 13:51:21,IP Address,142.79.197.82,100,95,True,2019-12-07 13:51:21,R_3OoClNKslaItD1d,,,,,42.3491973876953125,-71.06580352783203125,anonymous,EN,21.568,44.329,46.34,3,Senior,Logical,B+(3.25-3.5),7.852,21.342,22.582,3,Sophomore,Emotional,C+(2.5-2.75),,,,,,,,Female,Graduates,Emotional,A-(3.5-3.75),
2019-12-07 13:50:52,2019-12-07 13:52:22,IP Address,173.17.61.228,100,89,True,2019-12-07 13:52:22,R_2fJ9KB1qVBZUsyg,,,,,42.03729248046875,-93.60050201416015625,anonymous,EN,3.396,45.449,47.46,16,Graduates,Logical,A-(3.5-3.75),,,,,,,,1.81,13.33,14.379,8,Graduates,Logical,A-(3.5-3.75),Female,Senior,Prefer not to say,A-(3.5-3.75),
2019-12-07 13:50:46,2019-12-07 13:52:44,IP Address,213.205.240.2,100,117,True,2019-12-07 13:52:44,R_1gB05SOQnaN57Db,,,,,51.5160980224609375,0.0583953857421875,anonymous,EN,6.322,38.097,38.911,18,Junior,Emotional,B+(3.25-3.5),,,,,,,,3.425,11.482,12.504,13,Freshman,Logical,B+(3.25-3.5),Female,Graduates,Emotional,B+(3.25-3.5),
2019-12-07 13:52:23,2019-12-07 13:53:52,IP Address,134.53.89.201,100,89,True,2019-12-07 13:53:53,R_2cvHQMZtgSqLTRt,,,,,39.5106964111328125,-84.74269866943359375,anonymous,EN,0.84,14.153,14.732,15,Junior,Logical,A-(3.5-3.75),21.457,32.321,33.626,13,Senior,Logical,B+(3.25-3.5),,,,,,,,Male,Sophomore,Logical,A(3.75-4.0),
2019-12-07 13:53:24,2019-12-07 13:54:14,IP Address,12.159.84.13,100,49,True,2019-12-07 13:54:14,R_1LbuVJZZZq4TwQ2,,,,,39.1396942138671875,-86.51409912109375,anonymous,EN,3.25,18.568,19.443,11,Junior,Logical,A(3.75-4.0),,,,,,,,0.549,10.17,10.194,11,Senior,Logical,A(3.75-4.0),Female,Sophomore,Emotional,A(3.75-4.0),
2019-12-07 13:53:27,2019-12-07 13:55:11,IP Address,82.132.222.222,100,103,True,2019-12-07 13:55:11,R_2CB93P4ocnX89Kx,,,,,51.49639892578125,-0.122406005859375,anonymous,EN,1.464,22.838,24.15,14,Graduates,Logical,B+(3.25-3.5),7.179,29.022,29.745,13,Senior,Logical,B(3.0-3.25),,,,,,,,Female,Graduates,Logical,B(3.0-3.25),
2019-12-07 13:51:58,2019-12-07 13:56:18,IP Address,174.219.30.16,100,260,True,2019-12-07 13:56:18,R_ABRkGURdslXPl4t,,,,,43.476593017578125,-96.7052001953125,anonymous,EN,2.61,32.129,32.978,18,Junior,Logical,A(3.75-4.0),2.059,23.269,24.606,17,Freshman,Emotional,B+(3.25-3.5),,,,,,,,Male,Other,Prefer not to say,A-(3.5-3.75),See what effect appearance has on first impressions
2019-12-07 13:56:38,2019-12-07 13:57:32,IP Address,24.218.75.174,100,54,True,2019-12-07 13:57:32,R_Dk28360CE9g5Mg9,,,,,42.246307373046875,-70.99720001220703125,anonymous,EN,0.734,21.955,22.697,17,Junior,Emotional,B(3.0-3.25),,,,,,,,0.688,14.087,14.865,13,Junior,Logical,A-(3.5-3.75),Male,Graduates,Logical,A-(3.5-3.75),
2019-12-07 14:02:47,2019-12-07 14:04:22,IP Address,73.238.198.164,100,94,True,2019-12-07 14:04:22,R_1QDy9bPqeuO7cH9,,,,,42.246307373046875,-70.99720001220703125,anonymous,EN,0.981,25.076,25.947,14,Graduates,Logical,B+(3.25-3.5),,,,,,,,2.537,12.278,13.761,13,Graduates,Logical,B+(3.25-3.5),Male,Senior,Logical,B-(2.75-3.0),
2019-12-07 14:04:10,2019-12-07 14:05:24,IP Address,70.185.156.81,100,73,True,2019-12-07 14:05:24,R_2Cq3KUXPd7KegNf,,,,,34.4264984130859375,-119.86309814453125,anonymous,EN,4.011,19.042,19.875,14,Freshman,Emotional,A-(3.5-3.75),1.643,7.617,8.763,8,Freshman,Logical,A-(3.5-3.75),,,,,,,,Male,Senior,Prefer not to say,A-(3.5-3.75),Psychology? Data Analysis?
2019-12-07 14:13:46,2019-12-07 14:14:27,IP Address,68.226.88.60,100,40,True,2019-12-07 14:14:27,R_ZgkuQDwB8hKVSgN,,,,,41.8307037353515625,-71.39820098876953125,anonymous,EN,1.835,16.076,17.817,12,Junior,Emotional,A-(3.5-3.75),,,,,,,,0.318,5.399,6.356,11,Senior,Logical,A(3.75-4.0),Prefer not to say,Graduates,Emotional,A-(3.5-3.75),
2019-12-07 14:22:45,2019-12-07 14:24:58,IP Address,205.237.180.193,100,132,True,2019-12-07 14:24:58,R_2VPZp8JFpObNFmU,,,,,42.0514068603515625,-93.69080352783203125,anonymous,EN,4.644,36.112,36.554,16,Senior,Logical,B+(3.25-3.5),,,,,,,,2.084,15.36,16.067,13,Sophomore,Logical,A-(3.5-3.75),Male,PhD,Logical,A(3.75-4.0),"Effect of looking(wearing glasses, hair style) on perception of grade"
2019-12-07 15:00:01,2019-12-07 15:01:06,IP Address,69.5.152.65,100,65,True,2019-12-07 15:01:07,R_2tycgHXrwllhDjQ,,,,,42.03729248046875,-93.60050201416015625,anonymous,EN,2.006,23.228,24.255,16,Senior,Logical,A-(3.5-3.75),0.763,12.027,12.749,10,Sophomore,Emotional,B(3.0-3.25),,,,,,,,Male,Senior,Emotional,C+(2.5-2.75),
2019-12-07 15:06:29,2019-12-07 15:08:07,IP Address,69.5.145.161,100,98,True,2019-12-07 15:08:08,R_XmPtqVnT1EYbDLX,,,,,42.03729248046875,-93.60050201416015625,anonymous,EN,3.699,29.125,29.895,11,Junior,Logical,B(3.0-3.25),1.952,12.964,13.741,9,Sophomore,Emotional,A-(3.5-3.75),,,,,,,,Male,Senior,Emotional,B(3.0-3.25),Fun?
2019-12-07 15:03:46,2019-12-07 15:08:08,IP Address,65.26.255.73,100,262,True,2019-12-07 15:08:09,R_32XfIGZmwRSAx1z,,,,,42.9409942626953125,-88.05030059814453125,anonymous,EN,3.837,37.835,38.814,12,Graduates,Emotional,A(3.75-4.0),,,,,,,,4.186,14.293,15.62,8,Graduates,Logical,A(3.75-4.0),Male,Graduates,Logical,A(3.75-4.0),"To study the correlation between a person's appearance feature (highly likely, wearing glasses) and its impression."
2019-12-07 15:07:52,2019-12-07 15:09:36,IP Address,104.145.100.48,100,104,True,2019-12-07 15:09:37,R_0pN2Q9bMYNLoBbj,,,,,42.03729248046875,-93.60050201416015625,anonymous,EN,1.38,33.197,34.155,26,PhD,Logical,A-(3.5-3.75),,,,,,,,0.905,45.425,46.065,26,PhD,Logical,A-(3.5-3.75),Male,Junior,Emotional,B(3.0-3.25),
2019-12-07 15:10:25,2019-12-07 15:12:07,IP Address,69.5.150.129,100,101,True,2019-12-07 15:12:07,R_D7OLg2VFd5KOBP3,,,,,42.0514068603515625,-93.69080352783203125,anonymous,EN,2.835,24.489,25.271,9,Graduates,Logical,A-(3.5-3.75),1.008,26.38,27.277,19,Sophomore,Logical,A-(3.5-3.75),,,,,,,,Female,Senior,Prefer not to say,B(3.0-3.25),
2019-12-07 15:22:41,2019-12-07 15:23:43,IP Address,104.145.100.48,100,62,True,2019-12-07 15:23:44,R_RCgbKHYMqy5mVj3,,,,,42.03729248046875,-93.60050201416015625,anonymous,EN,0.821,20.414,21.801,18,Junior,Logical,B(3.0-3.25),,,,,,,,0.847,10.541,12.135,14,Graduates,Logical,B+(3.25-3.5),Male,Junior,Logical,B+(3.25-3.5),
2019-12-07 15:31:20,2019-12-07 15:32:03,IP Address,97.125.206.51,100,42,True,2019-12-07 15:32:03,R_2eaQUFr7DaSgtbR,,,,,41.702606201171875,-93.783203125,anonymous,EN,0.872,14.63,15.451,13,Graduates,,A(3.75-4.0),0.283,6.414,7.207,9,Junior,Logical,A-(3.5-3.75),,,,,,,,Male,Senior,Prefer not to say,A-(3.5-3.75),
2019-12-07 15:31:42,2019-12-07 15:32:25,IP Address,129.186.253.102,100,43,True,2019-12-07 15:32:26,R_TcnMCArsWUkHerT,,,,,42.0359954833984375,-93.46520233154296875,anonymous,EN,3.197,15.786,16.648,10,Graduates,Logical,A(3.75-4.0),,,,,,,,0.398,7.776,8.444,8,Senior,Logical,A(3.75-4.0),Female,Senior,Logical,A-(3.5-3.75),
2019-12-07 15:36:16,2019-12-07 15:37:14,IP Address,107.77.206.127,100,57,True,2019-12-07 15:37:14,R_vTB9kwqxaMDBLqh,,,,,38.714202880859375,-90.27590179443359375,anonymous,EN,4.843,21.65,22.382,11,Graduates,Emotional,A(3.75-4.0),1.349,9.223,10.683,8,Senior,Emotional,A-(3.5-3.75),,,,,,,,Female,Graduates,Logical,A-(3.5-3.75),
2019-12-07 15:38:50,2019-12-07 15:39:58,IP Address,104.145.100.24,100,67,True,2019-12-07 15:39:58,R_2CTABqiWCXFPDKN,,,,,42.03729248046875,-93.60050201416015625,anonymous,EN,2.473,27.678,28.363,16,Graduates,Logical,A-(3.5-3.75),3.621,18.407,19.264,13,Junior,Emotional,A-(3.5-3.75),,,,,,,,Female,Senior,Emotional,A-(3.5-3.75),
2019-12-07 16:02:23,2019-12-07 16:04:45,IP Address,42.191.240.133,100,142,True,2019-12-07 16:04:45,R_25QNanArc9lKLYX,,,,,3.0832977294921875,101.649993896484375,anonymous,EN,1.938,59.737,60.566,19,Graduates,Logical,A-(3.5-3.75),,,,,,,,0.667,24.756,25.505,16,Senior,Logical,A(3.75-4.0),Male,Graduates,Logical,A(3.75-4.0),
2019-12-07 16:35:43,2019-12-07 16:41:22,IP Address,24.16.37.233,100,339,True,2019-12-07 16:41:22,R_BJS0ezFDcjY0c9z,,,,,47.8022003173828125,-122.2859954833984375,anonymous,EN,4.592,50.184,55.04,9,Sophomore,Logical,A-(3.5-3.75),,,,,,,,3.724,12.858,14.421,4,Junior,Logical,A(3.75-4.0),Male,Junior,Logical,B(3.0-3.25),"The affect suit and tie on the first impression of students of different gender, school year, personality, and grades"
2019-12-07 16:57:02,2019-12-07 16:58:08,IP Address,66.253.130.131,100,66,True,2019-12-07 16:58:09,R_3JsHkcmFX85UZ4k,,,,,40.11199951171875,-88.23650360107421875,anonymous,EN,1.145,16.958,17.801,12,Sophomore,Logical,A-(3.5-3.75),0.935,12.156,12.799,13,Sophomore,Logical,B(3.0-3.25),,,,,,,,Male,Graduates,Logical,B(3.0-3.25),Peoples intelligence based on facial structure?
2019-12-07 13:39:45,2019-12-07 17:08:36,IP Address,142.79.201.133,100,12530,True,2019-12-07 17:08:36,R_yqEzHjGUCCV5Jv3,,,,,42.3634033203125,-71.07129669189453125,anonymous,EN,3.023,4.357,6.131,3,,,,0.583,3.818,5.897,2,,,,,,,,,,,,,,,
2019-12-07 18:16:14,2019-12-07 18:17:13,IP Address,69.5.145.161,100,58,True,2019-12-07 18:17:13,R_1ocDiD48l8VRpZi,,,,,42.03729248046875,-93.60050201416015625,anonymous,EN,6.6,22.124,23.842,12,Graduates,Logical,A-(3.5-3.75),,,,,,,,2.153,10.27,11.426,8,Senior,Logical,A(3.75-4.0),Female,Junior,Prefer not to say,B+(3.25-3.5),
2019-12-07 18:44:21,2019-12-07 18:45:47,IP Address,104.32.161.14,100,85,True,2019-12-07 18:45:47,R_1pmnl6NdUYIYeG7,,,,,34.032196044921875,-118.283599853515625,anonymous,EN,3.233,25.716,26.725,10,Freshman,Logical,A-(3.5-3.75),2.202,19.219,20.378,12,Junior,Emotional,A-(3.5-3.75),,,,,,,,Male,Graduates,Prefer not to say,B+(3.25-3.5),
2019-12-07 19:20:05,2019-12-07 19:21:32,IP Address,142.79.194.194,100,86,True,2019-12-07 19:21:32,R_r0VSxDcHDaBlE0p,,,,,42.3426971435546875,-71.09220123291015625,anonymous,EN,7.49,36.475,37.404,16,Graduates,Emotional,A-(3.5-3.75),,,,,,,,2.625,15.303,16.525,11,Graduates,Logical,A(3.75-4.0),Female,Graduates,Emotional,A-(3.5-3.75),
2019-12-07 19:20:45,2019-12-07 19:36:45,IP Address,174.217.15.16,100,960,True,2019-12-07 19:36:46,R_3gN7c3xSFcwT5RU,,,,,41.2324066162109375,-95.87509918212890625,anonymous,EN,5.969,54.633,55.621,17,Senior,Logical,A(3.75-4.0),1.88,25.338,26.948,12,Senior,Emotional,B+(3.25-3.5),,,,,,,,Female,Senior,Emotional,B(3.0-3.25),
2019-12-07 20:02:14,2019-12-07 20:02:54,IP Address,73.16.16.19,100,39,True,2019-12-07 20:02:54,R_qIxgOBZTyNibq1j,,,,,42.3513031005859375,-71.13700103759765625,anonymous,EN,2.12,12.19,14.191,8,PhD,Emotional,Below C-(<2.0),,,,,,,,0.358,5.964,6.661,8,PhD,Emotional,C-(2.0-2.25),Prefer not to say,PhD,Logical,A(3.75-4.0),
2019-12-07 22:15:03,2019-12-07 22:16:22,IP Address,114.253.250.134,100,78,True,2019-12-07 22:16:22,R_1DChKQ63L8kGHwQ,,,,,39.928802490234375,116.388885498046875,anonymous,EN,1.639,28.628,29.466,12,Junior,Logical,A-(3.5-3.75),2.119,20.771,21.468,13,Sophomore,Logical,B(3.0-3.25),,,,,,,,Male,Junior,Logical,A(3.75-4.0),
2019-12-08 01:05:34,2019-12-08 01:06:18,IP Address,117.62.154.206,100,43,True,2019-12-08 01:06:18,R_3KUEWbZqs4QJP2n,,,,,32.06170654296875,118.777801513671875,anonymous,EN,0.583,5.86,6.512,11,Sophomore,Logical,A-(3.5-3.75),0.333,5.777,6.394,11,Sophomore,Logical,A-(3.5-3.75),,,,,,,,Male,Other,Prefer not to say,A-(3.5-3.75),
2019-12-07 15:19:46,2019-12-08 01:49:28,IP Address,69.5.145.161,100,37781,True,2019-12-08 01:49:28,R_1imtIHDZ8O6Mfkw,,,,,42.03729248046875,-93.60050201416015625,anonymous,EN,6.105,28.06,29.11,8,Graduates,Logical,B+(3.25-3.5),,,,,,,,5.022,17.15,17.981,9,Senior,Emotional,B(3.0-3.25),Female,Junior,Emotional,B(3.0-3.25),
2019-12-08 03:50:34,2019-12-08 03:51:14,IP Address,180.120.47.56,100,39,True,2019-12-08 03:51:14,R_bE18OfJTbWvSWWJ,,,,,31.7736053466796875,119.954010009765625,anonymous,EN,0.623,7.262,9.826,16,Freshman,Logical,A(3.75-4.0),0.013,5.088,5.889,12,Senior,Logical,C(2.25-2.5),,,,,,,,Prefer not to say,Sophomore,Logical,A(3.75-4.0),
2019-12-09 05:34:26,2019-12-09 05:36:32,IP Address,71.232.23.197,100,126,True,2019-12-09 05:36:32,R_3qVFnr2fzfhF7uC,,,,,42.3473968505859375,-71.158203125,anonymous,EN,4.15,52.637,53.419,22,Graduates,Logical,B+(3.25-3.5),,,,,,,,2.61,40.913,41.446,15,Freshman,Emotional,B+(3.25-3.5),Female,Graduates,Logical,A-(3.5-3.75),
2019-12-09 12:27:54,2019-12-09 12:28:55,IP Address,107.77.173.5,100,61,True,2019-12-09 12:28:56,R_1kUqrgZSMco4CuZ,,,,,41.848297119140625,-87.651702880859375,anonymous,EN,1.092,25.767,26.548,14,Sophomore,Logical,A-(3.5-3.75),0.68,13.395,14.328,11,Freshman,Emotional,B+(3.25-3.5),,,,,,,,Male,Junior,Logical,A-(3.5-3.75),
